Workbook

Sheet plan
B2: 46244 | I2: =B2+1 -> 46245 | P2: =B2+2 -> 46246 | W2: =B2+3 -> 46247
A3: 1 | B3: Πρ | C3: Άφιξη | H3: 5 | I3: Πρ | O3: 9 | P3: Πρ | V3: 13 | W3: Πρ
A4: 2 | H4: 6 | O4: 10 | V4: 14
A5: 3 | B5: Aπ | H5: 7 | I5: Aπ | O5: 11 | P5: Aπ | V5: 15 | W5: Aπ
A6: 4 | H6: 8 | O6: 12 | V6: 16
B8: =B2+4 -> 46248 | I8: =B2+5 -> 46249 | P8: =B2+6 -> 46250 | W8: =B2+7 -> 46251
A9: 17 | B9: Πρ | H9: 21 | I9: Πρ | O9: 25 | P9: Πρ | V9: 29 | W9: Πρ
A10: 18 | H10: 22 | O10: 26 | V10: 30
A11: 19 | B11: Aπ | H11: 23 | I11: Aπ | O11: 27 | P11: Aπ | V11: 31 | W11: Aπ
A12: 20 | H12: 24 | O12: 28 | V12: 32
B14: =B2+8 -> 46252 | I14: =B2+9 -> 46253 | P14: =B2+10 -> 46254 | W14: =B2+11 -> 46255
A15: 33 | B15: Πρ | H15: 37 | I15: Πρ | O15: 41 | P15: Πρ | V15: 45 | W15: Πρ
A16: 34 | H16: 38 | O16: 42 | V16: 46
A17: 35 | B17: Aπ | H17: 39 | I17: Aπ | O17: 43 | P17: Aπ | V17: 47 | W17: Aπ
A18: 36 | H18: 40 | O18: 44 | V18: 48

Sheet teams
A1: id | B1: name | C1: char
A2: 1 | C2: 1
A3: 2 | C3: 2
A4: 3 | C4: 3
A5: 4 | C5: 4
A6: 5 | C6: 5
A7: 6 | C7: 6
A8: 7 | C8: 7
A9: 8 | C9: 8
A10: 9 | C10: 9
A11: 10 | C11: A

Sheet fields
A1: field | B1: name | C1: color | D1: column | E1: char
A2: fold | B2: Π Ποδόσφαιρο | C2: yellow | D2: 1 | E2: p
A3: fnew | B3: Κ Ποδόσφαιρο | C3: green | D3: 2 | E3: p
A4: bask | B4: Μπάσκετ | C4: blue | D4: 3 | E4: k
A5: voll | B5: Βόλεϊ | C5: orange | D5: 4 | E5: v
A6: base | B6: Μπέιζμπολ | C6: pink | D6: 5 | E6: m

Sheet games
A1: r | B1: field | C1: col | D1: pair | E1: tag | F1: ind | G1: played | H1: th | I1: ta | J1: sh | K1: sa | L1: sport
A2: 1 | B2: fold | C2: =INDEX(fields[column],MATCH(games[[#This Row],[field]],fields[field],0)) -> 1 | D2: =_xlfn.IFNA(OFFSET(plan!$A$1,MATCH(games[[#This Row],[r]],plan!A:A,0)-1,games[[#This Row],[col]]+1+0),_xlfn.IFNA(OFFSET(plan!$A$1,MATCH(games[[#This Row],[r]],plan!H:H,0)-1,games[[#This Row],[col]]+1+7),_xlfn.IFNA(OFFSET(plan!$A$1,MATCH(games[[#This Row],[r]],plan!O:O,0)-1,games[[#This Row],[col]]+1+14),_xlfn.IFNA(OFFSET(plan!$A$1,MATCH(games[[#This Row],[r]],plan!V:V,0)-1,games[[#This Row],[col]]+1+21),"")))) -> Άφιξη | E2: =IF(LEN(games[[#This Row],[pair]])=3,MID(games[[#This Row],[pair]],2,1),"") | F2: {=MATCH(1,(pages!$A$1:$A$957=games[[#This Row],[r]])*(pages!$B$1:$B$957=games[[#This Row],[field]]),0)} -> 4 | G2: =INDEX(pages!$L$1:$L$957,games[[#This Row],[ind]]) -> FALSE | H2: =_xlfn.IFNA(IF(LEN(games[[#This Row],[pair]])=3,INDEX(teams[id],MATCH(LEFT(games[[#This Row],[pair]]),teams[char],0)),""),"") | I2: =_xlfn.IFNA(IF(LEN(games[[#This Row],[pair]])=3,INDEX(teams[id],MATCH(RIGHT(games[[#This Row],[pair]]),teams[char],0)),""),"") | J2: =IF(games[[#This Row],[played]],INDEX(pages!$I$1:$I$759,games[[#This Row],[ind]]),"") | K2: =IF(games[[#This Row],[played]],INDEX(pages!$J$1:$J$759,games[[#This Row],[ind]]),"") | L2: =INDEX(fields[char],MATCH(games[[#This Row],[field]],fields[field],0))&IF(games[[#This Row],[tag]]="-","","("&games[[#This Row],[tag]]&")") -> p()
A3: 1 | B3: fnew | C3: =INDEX(fields[column],MATCH(games[[#This Row],[field]],fields[field],0)) -> 2 | D3: =_xlfn.IFNA(OFFSET(plan!$A$1,MATCH(games[[#This Row],[r]],plan!A:A,0)-1,games[[#This Row],[col]]+1+0),_xlfn.IFNA(OFFSET(plan!$A$1,MATCH(games[[#This Row],[r]],plan!H:H,0)-1,games[[#This Row],[col]]+1+7),_xlfn.IFNA(OFFSET(plan!$A$1,MATCH(games[[#This Row],[r]],plan!O:O,0)-1,games[[#This Row],[col]]+1+14),_xlfn.IFNA(OFFSET(plan!$A$1,MATCH(games[[#This Row],[r]],plan!V:V,0)-1,games[[#This Row],[col]]+1+21),"")))) -> 0 | E3: =IF(LEN(games[[#This Row],[pair]])=3,MID(games[[#This Row],[pair]],2,1),"") | F3: {=MATCH(1,(pages!$A$1:$A$957=games[[#This Row],[r]])*(pages!$B$1:$B$957=games[[#This Row],[field]]),0)} -> 5 | G3: =INDEX(pages!$L$1:$L$957,games[[#This Row],[ind]]) -> FALSE | H3: =_xlfn.IFNA(IF(LEN(games[[#This Row],[pair]])=3,INDEX(teams[id],MATCH(LEFT(games[[#This Row],[pair]]),teams[char],0)),""),"") | I3: =_xlfn.IFNA(IF(LEN(games[[#This Row],[pair]])=3,INDEX(teams[id],MATCH(RIGHT(games[[#This Row],[pair]]),teams[char],0)),""),"") | J3: =IF(games[[#This Row],[played]],INDEX(pages!$I$1:$I$759,games[[#This Row],[ind]]),"") | K3: =IF(games[[#This Row],[played]],INDEX(pages!$J$1:$J$759,games[[#This Row],[ind]]),"") | L3: =INDEX(fields[char],MATCH(games[[#This Row],[field]],fields[field],0))&IF(games[[#This Row],[tag]]="-","","("&games[[#This Row],[tag]]&")") -> p()
A4: 1 | B4: bask | C4: =INDEX(fields[column],MATCH(games[[#This Row],[field]],fields[field],0)) -> 3 | D4: =_xlfn.IFNA(OFFSET(plan!$A$1,MATCH(games[[#This Row],[r]],plan!A:A,0)-1,games[[#This Row],[col]]+1+0),_xlfn.IFNA(OFFSET(plan!$A$1,MATCH(games[[#This Row],[r]],plan!H:H,0)-1,games[[#This Row],[col]]+1+7),_xlfn.IFNA(OFFSET(plan!$A$1,MATCH(games[[#This Row],[r]],plan!O:O,0)-1,games[[#This Row],[col]]+1+14),_xlfn.IFNA(OFFSET(plan!$A$1,MATCH(games[[#This Row],[r]],plan!V:V,0)-1,games[[#This Row],[col]]+1+21),"")))) -> 0 | E4: =IF(LEN(games[[#This Row],[pair]])=3,MID(games[[#This Row],[pair]],2,1),"") | F4: {=MATCH(1,(pages!$A$1:$A$957=games[[#This Row],[r]])*(pages!$B$1:$B$957=games[[#This Row],[field]]),0)} -> 6 | G4: =INDEX(pages!$L$1:$L$957,games[[#This Row],[ind]]) -> FALSE | H4: =_xlfn.IFNA(IF(LEN(games[[#This Row],[pair]])=3,INDEX(teams[id],MATCH(LEFT(games[[#This Row],[pair]]),teams[char],0)),""),"") | I4: =_xlfn.IFNA(IF(LEN(games[[#This Row],[pair]])=3,INDEX(teams[id],MATCH(RIGHT(games[[#This Row],[pair]]),teams[char],0)),""),"") | J4: =IF(games[[#This Row],[played]],INDEX(pages!$I$1:$I$759,games[[#This Row],[ind]]),"") | K4: =IF(games[[#This Row],[played]],INDEX(pages!$J$1:$J$759,games[[#This Row],[ind]]),"") | L4: =INDEX(fields[char],MATCH(games[[#This Row],[field]],fields[field],0))&IF(games[[#This Row],[tag]]="-","","("&games[[#This Row],[tag]]&")") -> k()
A5: 1 | B5: voll | C5: =INDEX(fields[column],MATCH(games[[#This Row],[field]],fields[field],0)) -> 4 | D5: =_xlfn.IFNA(OFFSET(plan!$A$1,MATCH(games[[#This Row],[r]],plan!A:A,0)-1,games[[#This Row],[col]]+1+0),_xlfn.IFNA(OFFSET(plan!$A$1,MATCH(games[[#This Row],[r]],plan!H:H,0)-1,games[[#This Row],[col]]+1+7),_xlfn.IFNA(OFFSET(plan!$A$1,MATCH(games[[#This Row],[r]],plan!O:O,0)-1,games[[#This Row],[col]]+1+14),_xlfn.IFNA(OFFSET(plan!$A$1,MATCH(games[[#This Row],[r]],plan!V:V,0)-1,games[[#This Row],[col]]+1+21),"")))) -> 0 | E5: =IF(LEN(games[[#This Row],[pair]])=3,MID(games[[#This Row],[pair]],2,1),"") | F5: {=MATCH(1,(pages!$A$1:$A$957=games[[#This Row],[r]])*(pages!$B$1:$B$957=games[[#This Row],[field]]),0)} -> 7 | G5: =INDEX(pages!$L$1:$L$957,games[[#This Row],[ind]]) -> FALSE | H5: =_xlfn.IFNA(IF(LEN(games[[#This Row],[pair]])=3,INDEX(teams[id],MATCH(LEFT(games[[#This Row],[pair]]),teams[char],0)),""),"") | I5: =_xlfn.IFNA(IF(LEN(games[[#This Row],[pair]])=3,INDEX(teams[id],MATCH(RIGHT(games[[#This Row],[pair]]),teams[char],0)),""),"") | J5: =IF(games[[#This Row],[played]],INDEX(pages!$I$1:$I$759,games[[#This Row],[ind]]),"") | K5: =IF(games[[#This Row],[played]],INDEX(pages!$J$1:$J$759,games[[#This Row],[ind]]),"") | L5: =INDEX(fields[char],MATCH(games[[#This Row],[field]],fields[field],0))&IF(games[[#This Row],[tag]]="-","","("&games[[#This Row],[tag]]&")") -> v()
A6: 1 | B6: base | C6: =INDEX(fields[column],MATCH(games[[#This Row],[field]],fields[field],0)) -> 5 | D6: =_xlfn.IFNA(OFFSET(plan!$A$1,MATCH(games[[#This Row],[r]],plan!A:A,0)-1,games[[#This Row],[col]]+1+0),_xlfn.IFNA(OFFSET(plan!$A$1,MATCH(games[[#This Row],[r]],plan!H:H,0)-1,games[[#This Row],[col]]+1+7),_xlfn.IFNA(OFFSET(plan!$A$1,MATCH(games[[#This Row],[r]],plan!O:O,0)-1,games[[#This Row],[col]]+1+14),_xlfn.IFNA(OFFSET(plan!$A$1,MATCH(games[[#This Row],[r]],plan!V:V,0)-1,games[[#This Row],[col]]+1+21),"")))) -> 0 | E6: =IF(LEN(games[[#This Row],[pair]])=3,MID(games[[#This Row],[pair]],2,1),"") | F6: {=MATCH(1,(pages!$A$1:$A$957=games[[#This Row],[r]])*(pages!$B$1:$B$957=games[[#This Row],[field]]),0)} -> 8 | G6: =INDEX(pages!$L$1:$L$957,games[[#This Row],[ind]]) -> FALSE | H6: =_xlfn.IFNA(IF(LEN(games[[#This Row],[pair]])=3,INDEX(teams[id],MATCH(LEFT(games[[#This Row],[pair]]),teams[char],0)),""),"") | I6: =_xlfn.IFNA(IF(LEN(games[[#This Row],[pair]])=3,INDEX(teams[id],MATCH(RIGHT(games[[#This Row],[pair]]),teams[char],0)),""),"") | J6: =IF(games[[#This Row],[played]],INDEX(pages!$I$1:$I$759,games[[#This Row],[ind]]),"") | K6: =IF(games[[#This Row],[played]],INDEX(pages!$J$1:$J$759,games[[#This Row],[ind]]),"") | L6: =INDEX(fields[char],MATCH(games[[#This Row],[field]],fields[field],0))&IF(games[[#This Row],[tag]]="-","","("&games[[#This Row],[tag]]&")") -> m()
A7: =A2+1 -> 2 | B7: fold | C7: =INDEX(fields[column],MATCH(games[[#This Row],[field]],fields[field],0)) -> 1 | D7: =_xlfn.IFNA(OFFSET(plan!$A$1,MATCH(games[[#This Row],[r]],plan!A:A,0)-1,games[[#This Row],[col]]+1+0),_xlfn.IFNA(OFFSET(plan!$A$1,MATCH(games[[#This Row],[r]],plan!H:H,0)-1,games[[#This Row],[col]]+1+7),_xlfn.IFNA(OFFSET(plan!$A$1,MATCH(games[[#This Row],[r]],plan!O:O,0)-1,games[[#This Row],[col]]+1+14),_xlfn.IFNA(OFFSET(plan!$A$1,MATCH(games[[#This Row],[r]],plan!V:V,0)-1,games[[#This Row],[col]]+1+21),"")))) -> 0 | E7: =IF(LEN(games[[#This Row],[pair]])=3,MID(games[[#This Row],[pair]],2,1),"") | F7: {=MATCH(1,(pages!$A$1:$A$957=games[[#This Row],[r]])*(pages!$B$1:$B$957=games[[#This Row],[field]]),0)} -> 9 | G7: =INDEX(pages!$L$1:$L$957,games[[#This Row],[ind]]) -> FALSE | H7: =_xlfn.IFNA(IF(LEN(games[[#This Row],[pair]])=3,INDEX(teams[id],MATCH(LEFT(games[[#This Row],[pair]]),teams[char],0)),""),"") | I7: =_xlfn.IFNA(IF(LEN(games[[#This Row],[pair]])=3,INDEX(teams[id],MATCH(RIGHT(games[[#This Row],[pair]]),teams[char],0)),""),"") | J7: =IF(games[[#This Row],[played]],INDEX(pages!$I$1:$I$759,games[[#This Row],[ind]]),"") | K7: =IF(games[[#This Row],[played]],INDEX(pages!$J$1:$J$759,games[[#This Row],[ind]]),"") | L7: =INDEX(fields[char],MATCH(games[[#This Row],[field]],fields[field],0))&IF(games[[#This Row],[tag]]="-","","("&games[[#This Row],[tag]]&")") -> p()
A8: =A3+1 -> 2 | B8: fnew | C8: =INDEX(fields[column],MATCH(games[[#This Row],[field]],fields[field],0)) -> 2 | D8: =_xlfn.IFNA(OFFSET(plan!$A$1,MATCH(games[[#This Row],[r]],plan!A:A,0)-1,games[[#This Row],[col]]+1+0),_xlfn.IFNA(OFFSET(plan!$A$1,MATCH(games[[#This Row],[r]],plan!H:H,0)-1,games[[#This Row],[col]]+1+7),_xlfn.IFNA(OFFSET(plan!$A$1,MATCH(games[[#This Row],[r]],plan!O:O,0)-1,games[[#This Row],[col]]+1+14),_xlfn.IFNA(OFFSET(plan!$A$1,MATCH(games[[#This Row],[r]],plan!V:V,0)-1,games[[#This Row],[col]]+1+21),"")))) -> 0 | E8: =IF(LEN(games[[#This Row],[pair]])=3,MID(games[[#This Row],[pair]],2,1),"") | F8: {=MATCH(1,(pages!$A$1:$A$957=games[[#This Row],[r]])*(pages!$B$1:$B$957=games[[#This Row],[field]]),0)} -> 10 | G8: =INDEX(pages!$L$1:$L$957,games[[#This Row],[ind]]) -> FALSE | H8: =_xlfn.IFNA(IF(LEN(games[[#This Row],[pair]])=3,INDEX(teams[id],MATCH(LEFT(games[[#This Row],[pair]]),teams[char],0)),""),"") | I8: =_xlfn.IFNA(IF(LEN(games[[#This Row],[pair]])=3,INDEX(teams[id],MATCH(RIGHT(games[[#This Row],[pair]]),teams[char],0)),""),"") | J8: =IF(games[[#This Row],[played]],INDEX(pages!$I$1:$I$759,games[[#This Row],[ind]]),"") | K8: =IF(games[[#This Row],[played]],INDEX(pages!$J$1:$J$759,games[[#This Row],[ind]]),"") | L8: =INDEX(fields[char],MATCH(games[[#This Row],[field]],fields[field],0))&IF(games[[#This Row],[tag]]="-","","("&games[[#This Row],[tag]]&")") -> p()
A9: =A4+1 -> 2 | B9: bask | C9: =INDEX(fields[column],MATCH(games[[#This Row],[field]],fields[field],0)) -> 3 | D9: =_xlfn.IFNA(OFFSET(plan!$A$1,MATCH(games[[#This Row],[r]],plan!A:A,0)-1,games[[#This Row],[col]]+1+0),_xlfn.IFNA(OFFSET(plan!$A$1,MATCH(games[[#This Row],[r]],plan!H:H,0)-1,games[[#This Row],[col]]+1+7),_xlfn.IFNA(OFFSET(plan!$A$1,MATCH(games[[#This Row],[r]],plan!O:O,0)-1,games[[#This Row],[col]]+1+14),_xlfn.IFNA(OFFSET(plan!$A$1,MATCH(games[[#This Row],[r]],plan!V:V,0)-1,games[[#This Row],[col]]+1+21),"")))) -> 0 | E9: =IF(LEN(games[[#This Row],[pair]])=3,MID(games[[#This Row],[pair]],2,1),"") | F9: {=MATCH(1,(pages!$A$1:$A$957=games[[#This Row],[r]])*(pages!$B$1:$B$957=games[[#This Row],[field]]),0)} -> 11 | G9: =INDEX(pages!$L$1:$L$957,games[[#This Row],[ind]]) -> FALSE | H9: =_xlfn.IFNA(IF(LEN(games[[#This Row],[pair]])=3,INDEX(teams[id],MATCH(LEFT(games[[#This Row],[pair]]),teams[char],0)),""),"") | I9: =_xlfn.IFNA(IF(LEN(games[[#This Row],[pair]])=3,INDEX(teams[id],MATCH(RIGHT(games[[#This Row],[pair]]),teams[char],0)),""),"") | J9: =IF(games[[#This Row],[played]],INDEX(pages!$I$1:$I$759,games[[#This Row],[ind]]),"") | K9: =IF(games[[#This Row],[played]],INDEX(pages!$J$1:$J$759,games[[#This Row],[ind]]),"") | L9: =INDEX(fields[char],MATCH(games[[#This Row],[field]],fields[field],0))&IF(games[[#This Row],[tag]]="-","","("&games[[#This Row],[tag]]&")") -> k()
A10: =A5+1 -> 2 | B10: voll | C10: =INDEX(fields[column],MATCH(games[[#This Row],[field]],fields[field],0)) -> 4 | D10: =_xlfn.IFNA(OFFSET(plan!$A$1,MATCH(games[[#This Row],[r]],plan!A:A,0)-1,games[[#This Row],[col]]+1+0),_xlfn.IFNA(OFFSET(plan!$A$1,MATCH(games[[#This Row],[r]],plan!H:H,0)-1,games[[#This Row],[col]]+1+7),_xlfn.IFNA(OFFSET(plan!$A$1,MATCH(games[[#This Row],[r]],plan!O:O,0)-1,games[[#This Row],[col]]+1+14),_xlfn.IFNA(OFFSET(plan!$A$1,MATCH(games[[#This Row],[r]],plan!V:V,0)-1,games[[#This Row],[col]]+1+21),"")))) -> 0 | E10: =IF(LEN(games[[#This Row],[pair]])=3,MID(games[[#This Row],[pair]],2,1),"") | F10: {=MATCH(1,(pages!$A$1:$A$957=games[[#This Row],[r]])*(pages!$B$1:$B$957=games[[#This Row],[field]]),0)} -> 12 | G10: =INDEX(pages!$L$1:$L$957,games[[#This Row],[ind]]) -> FALSE | H10: =_xlfn.IFNA(IF(LEN(games[[#This Row],[pair]])=3,INDEX(teams[id],MATCH(LEFT(games[[#This Row],[pair]]),teams[char],0)),""),"") | I10: =_xlfn.IFNA(IF(LEN(games[[#This Row],[pair]])=3,INDEX(teams[id],MATCH(RIGHT(games[[#This Row],[pair]]),teams[char],0)),""),"") | J10: =IF(games[[#This Row],[played]],INDEX(pages!$I$1:$I$759,games[[#This Row],[ind]]),"") | K10: =IF(games[[#This Row],[played]],INDEX(pages!$J$1:$J$759,games[[#This Row],[ind]]),"") | L10: =INDEX(fields[char],MATCH(games[[#This Row],[field]],fields[field],0))&IF(games[[#This Row],[tag]]="-","","("&games[[#This Row],[tag]]&")") -> v()
A11: =A6+1 -> 2 | B11: base | C11: =INDEX(fields[column],MATCH(games[[#This Row],[field]],fields[field],0)) -> 5 | D11: =_xlfn.IFNA(OFFSET(plan!$A$1,MATCH(games[[#This Row],[r]],plan!A:A,0)-1,games[[#This Row],[col]]+1+0),_xlfn.IFNA(OFFSET(plan!$A$1,MATCH(games[[#This Row],[r]],plan!H:H,0)-1,games[[#This Row],[col]]+1+7),_xlfn.IFNA(OFFSET(plan!$A$1,MATCH(games[[#This Row],[r]],plan!O:O,0)-1,games[[#This Row],[col]]+1+14),_xlfn.IFNA(OFFSET(plan!$A$1,MATCH(games[[#This Row],[r]],plan!V:V,0)-1,games[[#This Row],[col]]+1+21),"")))) -> 0 | E11: =IF(LEN(games[[#This Row],[pair]])=3,MID(games[[#This Row],[pair]],2,1),"") | F11: {=MATCH(1,(pages!$A$1:$A$957=games[[#This Row],[r]])*(pages!$B$1:$B$957=games[[#This Row],[field]]),0)} -> 13 | G11: =INDEX(pages!$L$1:$L$957,games[[#This Row],[ind]]) -> FALSE | H11: =_xlfn.IFNA(IF(LEN(games[[#This Row],[pair]])=3,INDEX(teams[id],MATCH(LEFT(games[[#This Row],[pair]]),teams[char],0)),""),"") | I11: =_xlfn.IFNA(IF(LEN(games[[#This Row],[pair]])=3,INDEX(teams[id],MATCH(RIGHT(games[[#This Row],[pair]]),teams[char],0)),""),"") | J11: =IF(games[[#This Row],[played]],INDEX(pages!$I$1:$I$759,games[[#This Row],[ind]]),"") | K11: =IF(games[[#This Row],[played]],INDEX(pages!$J$1:$J$759,games[[#This Row],[ind]]),"") | L11: =INDEX(fields[char],MATCH(games[[#This Row],[field]],fields[field],0))&IF(games[[#This Row],[tag]]="-","","("&games[[#This Row],[tag]]&")") -> m()
A12: =A7+1 -> 3 | B12: fold | C12: =INDEX(fields[column],MATCH(games[[#This Row],[field]],fields[field],0)) -> 1 | D12: =_xlfn.IFNA(OFFSET(plan!$A$1,MATCH(games[[#This Row],[r]],plan!A:A,0)-1,games[[#This Row],[col]]+1+0),_xlfn.IFNA(OFFSET(plan!$A$1,MATCH(games[[#This Row],[r]],plan!H:H,0)-1,games[[#This Row],[col]]+1+7),_xlfn.IFNA(OFFSET(plan!$A$1,MATCH(games[[#This Row],[r]],plan!O:O,0)-1,games[[#This Row],[col]]+1+14),_xlfn.IFNA(OFFSET(plan!$A$1,MATCH(games[[#This Row],[r]],plan!V:V,0)-1,games[[#This Row],[col]]+1+21),"")))) -> 0 | E12: =IF(LEN(games[[#This Row],[pair]])=3,MID(games[[#This Row],[pair]],2,1),"") | F12: {=MATCH(1,(pages!$A$1:$A$957=games[[#This Row],[r]])*(pages!$B$1:$B$957=games[[#This Row],[field]]),0)} -> 14 | G12: =INDEX(pages!$L$1:$L$957,games[[#This Row],[ind]]) -> FALSE | H12: =_xlfn.IFNA(IF(LEN(games[[#This Row],[pair]])=3,INDEX(teams[id],MATCH(LEFT(games[[#This Row],[pair]]),teams[char],0)),""),"") | I12: =_xlfn.IFNA(IF(LEN(games[[#This Row],[pair]])=3,INDEX(teams[id],MATCH(RIGHT(games[[#This Row],[pair]]),teams[char],0)),""),"") | J12: =IF(games[[#This Row],[played]],INDEX(pages!$I$1:$I$759,games[[#This Row],[ind]]),"") | K12: =IF(games[[#This Row],[played]],INDEX(pages!$J$1:$J$759,games[[#This Row],[ind]]),"") | L12: =INDEX(fields[char],MATCH(games[[#This Row],[field]],fields[field],0))&IF(games[[#This Row],[tag]]="-","","("&games[[#This Row],[tag]]&")") -> p()
A13: =A8+1 -> 3 | B13: fnew | C13: =INDEX(fields[column],MATCH(games[[#This Row],[field]],fields[field],0)) -> 2 | D13: =_xlfn.IFNA(OFFSET(plan!$A$1,MATCH(games[[#This Row],[r]],plan!A:A,0)-1,games[[#This Row],[col]]+1+0),_xlfn.IFNA(OFFSET(plan!$A$1,MATCH(games[[#This Row],[r]],plan!H:H,0)-1,games[[#This Row],[col]]+1+7),_xlfn.IFNA(OFFSET(plan!$A$1,MATCH(games[[#This Row],[r]],plan!O:O,0)-1,games[[#This Row],[col]]+1+14),_xlfn.IFNA(OFFSET(plan!$A$1,MATCH(games[[#This Row],[r]],plan!V:V,0)-1,games[[#This Row],[col]]+1+21),"")))) -> 0 | E13: =IF(LEN(games[[#This Row],[pair]])=3,MID(games[[#This Row],[pair]],2,1),"") | F13: {=MATCH(1,(pages!$A$1:$A$957=games[[#This Row],[r]])*(pages!$B$1:$B$957=games[[#This Row],[field]]),0)} -> 15 | G13: =INDEX(pages!$L$1:$L$957,games[[#This Row],[ind]]) -> FALSE | H13: =_xlfn.IFNA(IF(LEN(games[[#This Row],[pair]])=3,INDEX(teams[id],MATCH(LEFT(games[[#This Row],[pair]]),teams[char],0)),""),"") | I13: =_xlfn.IFNA(IF(LEN(games[[#This Row],[pair]])=3,INDEX(teams[id],MATCH(RIGHT(games[[#This Row],[pair]]),teams[char],0)),""),"") | J13: =IF(games[[#This Row],[played]],INDEX(pages!$I$1:$I$759,games[[#This Row],[ind]]),"") | K13: =IF(games[[#This Row],[played]],INDEX(pages!$J$1:$J$759,games[[#This Row],[ind]]),"") | L13: =INDEX(fields[char],MATCH(games[[#This Row],[field]],fields[field],0))&IF(games[[#This Row],[tag]]="-","","("&games[[#This Row],[tag]]&")") -> p()
A14: =A9+1 -> 3 | B14: bask | C14: =INDEX(fields[column],MATCH(games[[#This Row],[field]],fields[field],0)) -> 3 | D14: =_xlfn.IFNA(OFFSET(plan!$A$1,MATCH(games[[#This Row],[r]],plan!A:A,0)-1,games[[#This Row],[col]]+1+0),_xlfn.IFNA(OFFSET(plan!$A$1,MATCH(games[[#This Row],[r]],plan!H:H,0)-1,games[[#This Row],[col]]+1+7),_xlfn.IFNA(OFFSET(plan!$A$1,MATCH(games[[#This Row],[r]],plan!O:O,0)-1,games[[#This Row],[col]]+1+14),_xlfn.IFNA(OFFSET(plan!$A$1,MATCH(games[[#This Row],[r]],plan!V:V,0)-1,games[[#This Row],[col]]+1+21),"")))) -> 0 | E14: =IF(LEN(games[[#This Row],[pair]])=3,MID(games[[#This Row],[pair]],2,1),"") | F14: {=MATCH(1,(pages!$A$1:$A$957=games[[#This Row],[r]])*(pages!$B$1:$B$957=games[[#This Row],[field]]),0)} -> 16 | G14: =INDEX(pages!$L$1:$L$957,games[[#This Row],[ind]]) -> FALSE | H14: =_xlfn.IFNA(IF(LEN(games[[#This Row],[pair]])=3,INDEX(teams[id],MATCH(LEFT(games[[#This Row],[pair]]),teams[char],0)),""),"") | I14: =_xlfn.IFNA(IF(LEN(games[[#This Row],[pair]])=3,INDEX(teams[id],MATCH(RIGHT(games[[#This Row],[pair]]),teams[char],0)),""),"") | J14: =IF(games[[#This Row],[played]],INDEX(pages!$I$1:$I$759,games[[#This Row],[ind]]),"") | K14: =IF(games[[#This Row],[played]],INDEX(pages!$J$1:$J$759,games[[#This Row],[ind]]),"") | L14: =INDEX(fields[char],MATCH(games[[#This Row],[field]],fields[field],0))&IF(games[[#This Row],[tag]]="-","","("&games[[#This Row],[tag]]&")") -> k()
A15: =A10+1 -> 3 | B15: voll | C15: =INDEX(fields[column],MATCH(games[[#This Row],[field]],fields[field],0)) -> 4 | D15: =_xlfn.IFNA(OFFSET(plan!$A$1,MATCH(games[[#This Row],[r]],plan!A:A,0)-1,games[[#This Row],[col]]+1+0),_xlfn.IFNA(OFFSET(plan!$A$1,MATCH(games[[#This Row],[r]],plan!H:H,0)-1,games[[#This Row],[col]]+1+7),_xlfn.IFNA(OFFSET(plan!$A$1,MATCH(games[[#This Row],[r]],plan!O:O,0)-1,games[[#This Row],[col]]+1+14),_xlfn.IFNA(OFFSET(plan!$A$1,MATCH(games[[#This Row],[r]],plan!V:V,0)-1,games[[#This Row],[col]]+1+21),"")))) -> 0 | E15: =IF(LEN(games[[#This Row],[pair]])=3,MID(games[[#This Row],[pair]],2,1),"") | F15: {=MATCH(1,(pages!$A$1:$A$957=games[[#This Row],[r]])*(pages!$B$1:$B$957=games[[#This Row],[field]]),0)} -> 17 | G15: =INDEX(pages!$L$1:$L$957,games[[#This Row],[ind]]) -> FALSE | H15: =_xlfn.IFNA(IF(LEN(games[[#This Row],[pair]])=3,INDEX(teams[id],MATCH(LEFT(games[[#This Row],[pair]]),teams[char],0)),""),"") | I15: =_xlfn.IFNA(IF(LEN(games[[#This Row],[pair]])=3,INDEX(teams[id],MATCH(RIGHT(games[[#This Row],[pair]]),teams[char],0)),""),"") | J15: =IF(games[[#This Row],[played]],INDEX(pages!$I$1:$I$759,games[[#This Row],[ind]]),"") | K15: =IF(games[[#This Row],[played]],INDEX(pages!$J$1:$J$759,games[[#This Row],[ind]]),"") | L15: =INDEX(fields[char],MATCH(games[[#This Row],[field]],fields[field],0))&IF(games[[#This Row],[tag]]="-","","("&games[[#This Row],[tag]]&")") -> v()
A16: =A11+1 -> 3 | B16: base | C16: =INDEX(fields[column],MATCH(games[[#This Row],[field]],fields[field],0)) -> 5 | D16: =_xlfn.IFNA(OFFSET(plan!$A$1,MATCH(games[[#This Row],[r]],plan!A:A,0)-1,games[[#This Row],[col]]+1+0),_xlfn.IFNA(OFFSET(plan!$A$1,MATCH(games[[#This Row],[r]],plan!H:H,0)-1,games[[#This Row],[col]]+1+7),_xlfn.IFNA(OFFSET(plan!$A$1,MATCH(games[[#This Row],[r]],plan!O:O,0)-1,games[[#This Row],[col]]+1+14),_xlfn.IFNA(OFFSET(plan!$A$1,MATCH(games[[#This Row],[r]],plan!V:V,0)-1,games[[#This Row],[col]]+1+21),"")))) -> 0 | E16: =IF(LEN(games[[#This Row],[pair]])=3,MID(games[[#This Row],[pair]],2,1),"") | F16: {=MATCH(1,(pages!$A$1:$A$957=games[[#This Row],[r]])*(pages!$B$1:$B$957=games[[#This Row],[field]]),0)} -> 18 | G16: =INDEX(pages!$L$1:$L$957,games[[#This Row],[ind]]) -> FALSE | H16: =_xlfn.IFNA(IF(LEN(games[[#This Row],[pair]])=3,INDEX(teams[id],MATCH(LEFT(games[[#This Row],[pair]]),teams[char],0)),""),"") | I16: =_xlfn.IFNA(IF(LEN(games[[#This Row],[pair]])=3,INDEX(teams[id],MATCH(RIGHT(games[[#This Row],[pair]]),teams[char],0)),""),"") | J16: =IF(games[[#This Row],[played]],INDEX(pages!$I$1:$I$759,games[[#This Row],[ind]]),"") | K16: =IF(games[[#This Row],[played]],INDEX(pages!$J$1:$J$759,games[[#This Row],[ind]]),"") | L16: =INDEX(fields[char],MATCH(games[[#This Row],[field]],fields[field],0))&IF(games[[#This Row],[tag]]="-","","("&games[[#This Row],[tag]]&")") -> m()
A17: =A12+1 -> 4 | B17: fold | C17: =INDEX(fields[column],MATCH(games[[#This Row],[field]],fields[field],0)) -> 1 | D17: =_xlfn.IFNA(OFFSET(plan!$A$1,MATCH(games[[#This Row],[r]],plan!A:A,0)-1,games[[#This Row],[col]]+1+0),_xlfn.IFNA(OFFSET(plan!$A$1,MATCH(games[[#This Row],[r]],plan!H:H,0)-1,games[[#This Row],[col]]+1+7),_xlfn.IFNA(OFFSET(plan!$A$1,MATCH(games[[#This Row],[r]],plan!O:O,0)-1,games[[#This Row],[col]]+1+14),_xlfn.IFNA(OFFSET(plan!$A$1,MATCH(games[[#This Row],[r]],plan!V:V,0)-1,games[[#This Row],[col]]+1+21),"")))) -> 0 | E17: =IF(LEN(games[[#This Row],[pair]])=3,MID(games[[#This Row],[pair]],2,1),"") | F17: {=MATCH(1,(pages!$A$1:$A$957=games[[#This Row],[r]])*(pages!$B$1:$B$957=games[[#This Row],[field]]),0)} -> 19 | G17: =INDEX(pages!$L$1:$L$957,games[[#This Row],[ind]]) -> FALSE | H17: =_xlfn.IFNA(IF(LEN(games[[#This Row],[pair]])=3,INDEX(teams[id],MATCH(LEFT(games[[#This Row],[pair]]),teams[char],0)),""),"") | I17: =_xlfn.IFNA(IF(LEN(games[[#This Row],[pair]])=3,INDEX(teams[id],MATCH(RIGHT(games[[#This Row],[pair]]),teams[char],0)),""),"") | J17: =IF(games[[#This Row],[played]],INDEX(pages!$I$1:$I$759,games[[#This Row],[ind]]),"") | K17: =IF(games[[#This Row],[played]],INDEX(pages!$J$1:$J$759,games[[#This Row],[ind]]),"") | L17: =INDEX(fields[char],MATCH(games[[#This Row],[field]],fields[field],0))&IF(games[[#This Row],[tag]]="-","","("&games[[#This Row],[tag]]&")") -> p()
A18: =A13+1 -> 4 | B18: fnew | C18: =INDEX(fields[column],MATCH(games[[#This Row],[field]],fields[field],0)) -> 2 | D18: =_xlfn.IFNA(OFFSET(plan!$A$1,MATCH(games[[#This Row],[r]],plan!A:A,0)-1,games[[#This Row],[col]]+1+0),_xlfn.IFNA(OFFSET(plan!$A$1,MATCH(games[[#This Row],[r]],plan!H:H,0)-1,games[[#This Row],[col]]+1+7),_xlfn.IFNA(OFFSET(plan!$A$1,MATCH(games[[#This Row],[r]],plan!O:O,0)-1,games[[#This Row],[col]]+1+14),_xlfn.IFNA(OFFSET(plan!$A$1,MATCH(games[[#This Row],[r]],plan!V:V,0)-1,games[[#This Row],[col]]+1+21),"")))) -> 0 | E18: =IF(LEN(games[[#This Row],[pair]])=3,MID(games[[#This Row],[pair]],2,1),"") | F18: {=MATCH(1,(pages!$A$1:$A$957=games[[#This Row],[r]])*(pages!$B$1:$B$957=games[[#This Row],[field]]),0)} -> 20 | G18: =INDEX(pages!$L$1:$L$957,games[[#This Row],[ind]]) -> FALSE | H18: =_xlfn.IFNA(IF(LEN(games[[#This Row],[pair]])=3,INDEX(teams[id],MATCH(LEFT(games[[#This Row],[pair]]),teams[char],0)),""),"") | I18: =_xlfn.IFNA(IF(LEN(games[[#This Row],[pair]])=3,INDEX(teams[id],MATCH(RIGHT(games[[#This Row],[pair]]),teams[char],0)),""),"") | J18: =IF(games[[#This Row],[played]],INDEX(pages!$I$1:$I$759,games[[#This Row],[ind]]),"") | K18: =IF(games[[#This Row],[played]],INDEX(pages!$J$1:$J$759,games[[#This Row],[ind]]),"") | L18: =INDEX(fields[char],MATCH(games[[#This Row],[field]],fields[field],0))&IF(games[[#This Row],[tag]]="-","","("&games[[#This Row],[tag]]&")") -> p()
... A241: =A236+1 -> 48 | B241: base | C241: =INDEX(fields[column],MATCH(games[[#This Row],[field]],fields[field],0)) -> 5 | D241: =_xlfn.IFNA(OFFSET(plan!$A$1,MATCH(games[[#This Row],[r]],plan!A:A,0)-1,games[[#This Row],[col]]+1+0),_xlfn.IFNA(OFFSET(plan!$A$1,MATCH(games[[#This Row],[r]],plan!H:H,0)-1,games[[#This Row],[col]]+1+7),_xlfn.IFNA(OFFSET(plan!$A$1,MATCH(games[[#This Row],[r]],plan!O:O,0)-1,games[[#This Row],[col]]+1+14),_xlfn.IFNA(OFFSET(plan!$A$1,MATCH(games[[#This Row],[r]],plan!V:V,0)-1,games[[#This Row],[col]]+1+21),"")))) -> 0 | E241: =IF(LEN(games[[#This Row],[pair]])=3,MID(games[[#This Row],[pair]],2,1),"") | F241: {=MATCH(1,(pages!$A$1:$A$957=games[[#This Row],[r]])*(pages!$B$1:$B$957=games[[#This Row],[field]]),0)} -> 265 | G241: =INDEX(pages!$L$1:$L$957,games[[#This Row],[ind]]) -> FALSE | H241: =_xlfn.IFNA(IF(LEN(games[[#This Row],[pair]])=3,INDEX(teams[id],MATCH(LEFT(games[[#This Row],[pair]]),teams[char],0)),""),"") | I241: =_xlfn.IFNA(IF(LEN(games[[#This Row],[pair]])=3,INDEX(teams[id],MATCH(RIGHT(games[[#This Row],[pair]]),teams[char],0)),""),"") | J241: =IF(games[[#This Row],[played]],INDEX(pages!$I$1:$I$759,games[[#This Row],[ind]]),"") | K241: =IF(games[[#This Row],[played]],INDEX(pages!$J$1:$J$759,games[[#This Row],[ind]]),"") | L241: =INDEX(fields[char],MATCH(games[[#This Row],[field]],fields[field],0))&IF(games[[#This Row],[tag]]="-","","("&games[[#This Row],[tag]]&")") -> m()

Sheet pages
A1: r | B1: field | E1: th | G1: ta | I1: sh | J1: sa | K1: referee | L1: played
C3: =plan!B2 -> 46244
A4: 1 | B4: fold | C4: Πρωί Α' | D4: =INDEX(fields[name],MATCH($B4,fields[field],0)) -> Π Ποδόσφαιρο | E4: {=IF(ISBLANK($A4),"",INDEX(games[th],MATCH(1,(games[r]=$A4)*(games[field]=$B4),0)))} | F4: =_xlfn.IFNA(INDEX(teams[name],MATCH(E4,teams[id],0)),"") | G4: {=IF(ISBLANK($A4),"",INDEX(games[ta],MATCH(1,(games[r]=$A4)*(games[field]=$B4),0)))} | H4: =_xlfn.IFNA(INDEX(teams[name],MATCH(G4,teams[id],0)),"") | L4: =NOT(OR(ISBLANK($I4),ISBLANK($J4))) -> FALSE
A5: 1 | B5: fnew | D5: =INDEX(fields[name],MATCH($B5,fields[field],0)) -> Κ Ποδόσφαιρο | E5: {=IF(ISBLANK($A5),"",INDEX(games[th],MATCH(1,(games[r]=$A5)*(games[field]=$B5),0)))} | F5: =_xlfn.IFNA(INDEX(teams[name],MATCH(E5,teams[id],0)),"") | G5: {=IF(ISBLANK($A5),"",INDEX(games[ta],MATCH(1,(games[r]=$A5)*(games[field]=$B5),0)))} | H5: =_xlfn.IFNA(INDEX(teams[name],MATCH(G5,teams[id],0)),"") | L5: =NOT(OR(ISBLANK($I5),ISBLANK($J5))) -> FALSE
A6: 1 | B6: bask | D6: =INDEX(fields[name],MATCH($B6,fields[field],0)) -> Μπάσκετ | E6: {=IF(ISBLANK($A6),"",INDEX(games[th],MATCH(1,(games[r]=$A6)*(games[field]=$B6),0)))} | F6: =_xlfn.IFNA(INDEX(teams[name],MATCH(E6,teams[id],0)),"") | G6: {=IF(ISBLANK($A6),"",INDEX(games[ta],MATCH(1,(games[r]=$A6)*(games[field]=$B6),0)))} | H6: =_xlfn.IFNA(INDEX(teams[name],MATCH(G6,teams[id],0)),"") | L6: =NOT(OR(ISBLANK($I6),ISBLANK($J6))) -> FALSE
A7: 1 | B7: voll | D7: =INDEX(fields[name],MATCH($B7,fields[field],0)) -> Βόλεϊ | E7: {=IF(ISBLANK($A7),"",INDEX(games[th],MATCH(1,(games[r]=$A7)*(games[field]=$B7),0)))} | F7: =_xlfn.IFNA(INDEX(teams[name],MATCH(E7,teams[id],0)),"") | G7: {=IF(ISBLANK($A7),"",INDEX(games[ta],MATCH(1,(games[r]=$A7)*(games[field]=$B7),0)))} | H7: =_xlfn.IFNA(INDEX(teams[name],MATCH(G7,teams[id],0)),"") | L7: =NOT(OR(ISBLANK($I7),ISBLANK($J7))) -> FALSE
A8: 1 | B8: base | D8: =INDEX(fields[name],MATCH($B8,fields[field],0)) -> Μπέιζμπολ | E8: {=IF(ISBLANK($A8),"",INDEX(games[th],MATCH(1,(games[r]=$A8)*(games[field]=$B8),0)))} | F8: =_xlfn.IFNA(INDEX(teams[name],MATCH(E8,teams[id],0)),"") | G8: {=IF(ISBLANK($A8),"",INDEX(games[ta],MATCH(1,(games[r]=$A8)*(games[field]=$B8),0)))} | H8: =_xlfn.IFNA(INDEX(teams[name],MATCH(G8,teams[id],0)),"") | L8: =NOT(OR(ISBLANK($I8),ISBLANK($J8))) -> FALSE
A9: 2 | B9: fold | C9: Πρωί Β' | D9: =INDEX(fields[name],MATCH($B9,fields[field],0)) -> Π Ποδόσφαιρο | E9: {=IF(ISBLANK($A9),"",INDEX(games[th],MATCH(1,(games[r]=$A9)*(games[field]=$B9),0)))} | F9: =_xlfn.IFNA(INDEX(teams[name],MATCH(E9,teams[id],0)),"") | G9: {=IF(ISBLANK($A9),"",INDEX(games[ta],MATCH(1,(games[r]=$A9)*(games[field]=$B9),0)))} | H9: =_xlfn.IFNA(INDEX(teams[name],MATCH(G9,teams[id],0)),"") | L9: =NOT(OR(ISBLANK($I9),ISBLANK($J9))) -> FALSE
A10: 2 | B10: fnew | D10: =INDEX(fields[name],MATCH($B10,fields[field],0)) -> Κ Ποδόσφαιρο | E10: {=IF(ISBLANK($A10),"",INDEX(games[th],MATCH(1,(games[r]=$A10)*(games[field]=$B10),0)))} | F10: =_xlfn.IFNA(INDEX(teams[name],MATCH(E10,teams[id],0)),"") | G10: {=IF(ISBLANK($A10),"",INDEX(games[ta],MATCH(1,(games[r]=$A10)*(games[field]=$B10),0)))} | H10: =_xlfn.IFNA(INDEX(teams[name],MATCH(G10,teams[id],0)),"") | L10: =NOT(OR(ISBLANK($I10),ISBLANK($J10))) -> FALSE
A11: 2 | B11: bask | D11: =INDEX(fields[name],MATCH($B11,fields[field],0)) -> Μπάσκετ | E11: {=IF(ISBLANK($A11),"",INDEX(games[th],MATCH(1,(games[r]=$A11)*(games[field]=$B11),0)))} | F11: =_xlfn.IFNA(INDEX(teams[name],MATCH(E11,teams[id],0)),"") | G11: {=IF(ISBLANK($A11),"",INDEX(games[ta],MATCH(1,(games[r]=$A11)*(games[field]=$B11),0)))} | H11: =_xlfn.IFNA(INDEX(teams[name],MATCH(G11,teams[id],0)),"") | L11: =NOT(OR(ISBLANK($I11),ISBLANK($J11))) -> FALSE
A12: 2 | B12: voll | D12: =INDEX(fields[name],MATCH($B12,fields[field],0)) -> Βόλεϊ | E12: {=IF(ISBLANK($A12),"",INDEX(games[th],MATCH(1,(games[r]=$A12)*(games[field]=$B12),0)))} | F12: =_xlfn.IFNA(INDEX(teams[name],MATCH(E12,teams[id],0)),"") | G12: {=IF(ISBLANK($A12),"",INDEX(games[ta],MATCH(1,(games[r]=$A12)*(games[field]=$B12),0)))} | H12: =_xlfn.IFNA(INDEX(teams[name],MATCH(G12,teams[id],0)),"") | L12: =NOT(OR(ISBLANK($I12),ISBLANK($J12))) -> FALSE
A13: 2 | B13: base | D13: =INDEX(fields[name],MATCH($B13,fields[field],0)) -> Μπέιζμπολ | E13: {=IF(ISBLANK($A13),"",INDEX(games[th],MATCH(1,(games[r]=$A13)*(games[field]=$B13),0)))} | F13: =_xlfn.IFNA(INDEX(teams[name],MATCH(E13,teams[id],0)),"") | G13: {=IF(ISBLANK($A13),"",INDEX(games[ta],MATCH(1,(games[r]=$A13)*(games[field]=$B13),0)))} | H13: =_xlfn.IFNA(INDEX(teams[name],MATCH(G13,teams[id],0)),"") | L13: =NOT(OR(ISBLANK($I13),ISBLANK($J13))) -> FALSE
A14: 3 | B14: fold | C14: Απόγ. Α' | D14: =INDEX(fields[name],MATCH($B14,fields[field],0)) -> Π Ποδόσφαιρο | E14: {=IF(ISBLANK($A14),"",INDEX(games[th],MATCH(1,(games[r]=$A14)*(games[field]=$B14),0)))} | F14: =_xlfn.IFNA(INDEX(teams[name],MATCH(E14,teams[id],0)),"") | G14: {=IF(ISBLANK($A14),"",INDEX(games[ta],MATCH(1,(games[r]=$A14)*(games[field]=$B14),0)))} | H14: =_xlfn.IFNA(INDEX(teams[name],MATCH(G14,teams[id],0)),"") | L14: =NOT(OR(ISBLANK($I14),ISBLANK($J14))) -> FALSE
A15: 3 | B15: fnew | D15: =INDEX(fields[name],MATCH($B15,fields[field],0)) -> Κ Ποδόσφαιρο | E15: {=IF(ISBLANK($A15),"",INDEX(games[th],MATCH(1,(games[r]=$A15)*(games[field]=$B15),0)))} | F15: =_xlfn.IFNA(INDEX(teams[name],MATCH(E15,teams[id],0)),"") | G15: {=IF(ISBLANK($A15),"",INDEX(games[ta],MATCH(1,(games[r]=$A15)*(games[field]=$B15),0)))} | H15: =_xlfn.IFNA(INDEX(teams[name],MATCH(G15,teams[id],0)),"") | L15: =NOT(OR(ISBLANK($I15),ISBLANK($J15))) -> FALSE
A16: 3 | B16: bask | D16: =INDEX(fields[name],MATCH($B16,fields[field],0)) -> Μπάσκετ | E16: {=IF(ISBLANK($A16),"",INDEX(games[th],MATCH(1,(games[r]=$A16)*(games[field]=$B16),0)))} | F16: =_xlfn.IFNA(INDEX(teams[name],MATCH(E16,teams[id],0)),"") | G16: {=IF(ISBLANK($A16),"",INDEX(games[ta],MATCH(1,(games[r]=$A16)*(games[field]=$B16),0)))} | H16: =_xlfn.IFNA(INDEX(teams[name],MATCH(G16,teams[id],0)),"") | L16: =NOT(OR(ISBLANK($I16),ISBLANK($J16))) -> FALSE
A17: 3 | B17: voll | D17: =INDEX(fields[name],MATCH($B17,fields[field],0)) -> Βόλεϊ | E17: {=IF(ISBLANK($A17),"",INDEX(games[th],MATCH(1,(games[r]=$A17)*(games[field]=$B17),0)))} | F17: =_xlfn.IFNA(INDEX(teams[name],MATCH(E17,teams[id],0)),"") | G17: {=IF(ISBLANK($A17),"",INDEX(games[ta],MATCH(1,(games[r]=$A17)*(games[field]=$B17),0)))} | H17: =_xlfn.IFNA(INDEX(teams[name],MATCH(G17,teams[id],0)),"") | L17: =NOT(OR(ISBLANK($I17),ISBLANK($J17))) -> FALSE
A18: 3 | B18: base | D18: =INDEX(fields[name],MATCH($B18,fields[field],0)) -> Μπέιζμπολ | E18: {=IF(ISBLANK($A18),"",INDEX(games[th],MATCH(1,(games[r]=$A18)*(games[field]=$B18),0)))} | F18: =_xlfn.IFNA(INDEX(teams[name],MATCH(E18,teams[id],0)),"") | G18: {=IF(ISBLANK($A18),"",INDEX(games[ta],MATCH(1,(games[r]=$A18)*(games[field]=$B18),0)))} | H18: =_xlfn.IFNA(INDEX(teams[name],MATCH(G18,teams[id],0)),"") | L18: =NOT(OR(ISBLANK($I18),ISBLANK($J18))) -> FALSE
A19: 4 | B19: fold | C19: Απόγ. Β' | D19: =INDEX(fields[name],MATCH($B19,fields[field],0)) -> Π Ποδόσφαιρο | E19: {=IF(ISBLANK($A19),"",INDEX(games[th],MATCH(1,(games[r]=$A19)*(games[field]=$B19),0)))} | F19: =_xlfn.IFNA(INDEX(teams[name],MATCH(E19,teams[id],0)),"") | G19: {=IF(ISBLANK($A19),"",INDEX(games[ta],MATCH(1,(games[r]=$A19)*(games[field]=$B19),0)))} | H19: =_xlfn.IFNA(INDEX(teams[name],MATCH(G19,teams[id],0)),"") | L19: =NOT(OR(ISBLANK($I19),ISBLANK($J19))) -> FALSE
A20: 4 | B20: fnew | D20: =INDEX(fields[name],MATCH($B20,fields[field],0)) -> Κ Ποδόσφαιρο | E20: {=IF(ISBLANK($A20),"",INDEX(games[th],MATCH(1,(games[r]=$A20)*(games[field]=$B20),0)))} | F20: =_xlfn.IFNA(INDEX(teams[name],MATCH(E20,teams[id],0)),"") | G20: {=IF(ISBLANK($A20),"",INDEX(games[ta],MATCH(1,(games[r]=$A20)*(games[field]=$B20),0)))} | H20: =_xlfn.IFNA(INDEX(teams[name],MATCH(G20,teams[id],0)),"") | L20: =NOT(OR(ISBLANK($I20),ISBLANK($J20))) -> FALSE
A21: 4 | B21: bask | D21: =INDEX(fields[name],MATCH($B21,fields[field],0)) -> Μπάσκετ | E21: {=IF(ISBLANK($A21),"",INDEX(games[th],MATCH(1,(games[r]=$A21)*(games[field]=$B21),0)))} | F21: =_xlfn.IFNA(INDEX(teams[name],MATCH(E21,teams[id],0)),"") | G21: {=IF(ISBLANK($A21),"",INDEX(games[ta],MATCH(1,(games[r]=$A21)*(games[field]=$B21),0)))} | H21: =_xlfn.IFNA(INDEX(teams[name],MATCH(G21,teams[id],0)),"") | L21: =NOT(OR(ISBLANK($I21),ISBLANK($J21))) -> FALSE
A22: 4 | B22: voll | D22: =INDEX(fields[name],MATCH($B22,fields[field],0)) -> Βόλεϊ | E22: {=IF(ISBLANK($A22),"",INDEX(games[th],MATCH(1,(games[r]=$A22)*(games[field]=$B22),0)))} | F22: =_xlfn.IFNA(INDEX(teams[name],MATCH(E22,teams[id],0)),"") | G22: {=IF(ISBLANK($A22),"",INDEX(games[ta],MATCH(1,(games[r]=$A22)*(games[field]=$B22),0)))} | H22: =_xlfn.IFNA(INDEX(teams[name],MATCH(G22,teams[id],0)),"") | L22: =NOT(OR(ISBLANK($I22),ISBLANK($J22))) -> FALSE
A23: 4 | B23: base | D23: =INDEX(fields[name],MATCH($B23,fields[field],0)) -> Μπέιζμπολ | E23: {=IF(ISBLANK($A23),"",INDEX(games[th],MATCH(1,(games[r]=$A23)*(games[field]=$B23),0)))} | F23: =_xlfn.IFNA(INDEX(teams[name],MATCH(E23,teams[id],0)),"") | G23: {=IF(ISBLANK($A23),"",INDEX(games[ta],MATCH(1,(games[r]=$A23)*(games[field]=$B23),0)))} | H23: =_xlfn.IFNA(INDEX(teams[name],MATCH(G23,teams[id],0)),"") | L23: =NOT(OR(ISBLANK($I23),ISBLANK($J23))) -> FALSE
C25: =C3+1 -> 46245
A26: =A4+4 -> 5 | B26: fold | C26: Πρωί Α' | D26: =INDEX(fields[name],MATCH($B26,fields[field],0)) -> Π Ποδόσφαιρο | E26: {=IF(ISBLANK($A26),"",INDEX(games[th],MATCH(1,(games[r]=$A26)*(games[field]=$B26),0)))} | F26: =_xlfn.IFNA(INDEX(teams[name],MATCH(E26,teams[id],0)),"") | G26: {=IF(ISBLANK($A26),"",INDEX(games[ta],MATCH(1,(games[r]=$A26)*(games[field]=$B26),0)))} | H26: =_xlfn.IFNA(INDEX(teams[name],MATCH(G26,teams[id],0)),"") | L26: =NOT(OR(ISBLANK($I26),ISBLANK($J26))) -> FALSE
A27: =A5+4 -> 5 | B27: fnew | D27: =INDEX(fields[name],MATCH($B27,fields[field],0)) -> Κ Ποδόσφαιρο | E27: {=IF(ISBLANK($A27),"",INDEX(games[th],MATCH(1,(games[r]=$A27)*(games[field]=$B27),0)))} | F27: =_xlfn.IFNA(INDEX(teams[name],MATCH(E27,teams[id],0)),"") | G27: {=IF(ISBLANK($A27),"",INDEX(games[ta],MATCH(1,(games[r]=$A27)*(games[field]=$B27),0)))} | H27: =_xlfn.IFNA(INDEX(teams[name],MATCH(G27,teams[id],0)),"") | L27: =NOT(OR(ISBLANK($I27),ISBLANK($J27))) -> FALSE
A28: =A6+4 -> 5 | B28: bask | D28: =INDEX(fields[name],MATCH($B28,fields[field],0)) -> Μπάσκετ | E28: {=IF(ISBLANK($A28),"",INDEX(games[th],MATCH(1,(games[r]=$A28)*(games[field]=$B28),0)))} | F28: =_xlfn.IFNA(INDEX(teams[name],MATCH(E28,teams[id],0)),"") | G28: {=IF(ISBLANK($A28),"",INDEX(games[ta],MATCH(1,(games[r]=$A28)*(games[field]=$B28),0)))} | H28: =_xlfn.IFNA(INDEX(teams[name],MATCH(G28,teams[id],0)),"") | L28: =NOT(OR(ISBLANK($I28),ISBLANK($J28))) -> FALSE
A29: =A7+4 -> 5 | B29: voll | D29: =INDEX(fields[name],MATCH($B29,fields[field],0)) -> Βόλεϊ | E29: {=IF(ISBLANK($A29),"",INDEX(games[th],MATCH(1,(games[r]=$A29)*(games[field]=$B29),0)))} | F29: =_xlfn.IFNA(INDEX(teams[name],MATCH(E29,teams[id],0)),"") | G29: {=IF(ISBLANK($A29),"",INDEX(games[ta],MATCH(1,(games[r]=$A29)*(games[field]=$B29),0)))} | H29: =_xlfn.IFNA(INDEX(teams[name],MATCH(G29,teams[id],0)),"") | L29: =NOT(OR(ISBLANK($I29),ISBLANK($J29))) -> FALSE
A30: =A8+4 -> 5 | B30: base | D30: =INDEX(fields[name],MATCH($B30,fields[field],0)) -> Μπέιζμπολ | E30: {=IF(ISBLANK($A30),"",INDEX(games[th],MATCH(1,(games[r]=$A30)*(games[field]=$B30),0)))} | F30: =_xlfn.IFNA(INDEX(teams[name],MATCH(E30,teams[id],0)),"") | G30: {=IF(ISBLANK($A30),"",INDEX(games[ta],MATCH(1,(games[r]=$A30)*(games[field]=$B30),0)))} | H30: =_xlfn.IFNA(INDEX(teams[name],MATCH(G30,teams[id],0)),"") | L30: =NOT(OR(ISBLANK($I30),ISBLANK($J30))) -> FALSE
A31: =A9+4 -> 6 | B31: fold | C31: Πρωί Β' | D31: =INDEX(fields[name],MATCH($B31,fields[field],0)) -> Π Ποδόσφαιρο | E31: {=IF(ISBLANK($A31),"",INDEX(games[th],MATCH(1,(games[r]=$A31)*(games[field]=$B31),0)))} | F31: =_xlfn.IFNA(INDEX(teams[name],MATCH(E31,teams[id],0)),"") | G31: {=IF(ISBLANK($A31),"",INDEX(games[ta],MATCH(1,(games[r]=$A31)*(games[field]=$B31),0)))} | H31: =_xlfn.IFNA(INDEX(teams[name],MATCH(G31,teams[id],0)),"") | L31: =NOT(OR(ISBLANK($I31),ISBLANK($J31))) -> FALSE
A32: =A10+4 -> 6 | B32: fnew | D32: =INDEX(fields[name],MATCH($B32,fields[field],0)) -> Κ Ποδόσφαιρο | E32: {=IF(ISBLANK($A32),"",INDEX(games[th],MATCH(1,(games[r]=$A32)*(games[field]=$B32),0)))} | F32: =_xlfn.IFNA(INDEX(teams[name],MATCH(E32,teams[id],0)),"") | G32: {=IF(ISBLANK($A32),"",INDEX(games[ta],MATCH(1,(games[r]=$A32)*(games[field]=$B32),0)))} | H32: =_xlfn.IFNA(INDEX(teams[name],MATCH(G32,teams[id],0)),"") | L32: =NOT(OR(ISBLANK($I32),ISBLANK($J32))) -> FALSE
A33: =A11+4 -> 6 | B33: bask | D33: =INDEX(fields[name],MATCH($B33,fields[field],0)) -> Μπάσκετ | E33: {=IF(ISBLANK($A33),"",INDEX(games[th],MATCH(1,(games[r]=$A33)*(games[field]=$B33),0)))} | F33: =_xlfn.IFNA(INDEX(teams[name],MATCH(E33,teams[id],0)),"") | G33: {=IF(ISBLANK($A33),"",INDEX(games[ta],MATCH(1,(games[r]=$A33)*(games[field]=$B33),0)))} | H33: =_xlfn.IFNA(INDEX(teams[name],MATCH(G33,teams[id],0)),"") | L33: =NOT(OR(ISBLANK($I33),ISBLANK($J33))) -> FALSE
A34: =A12+4 -> 6 | B34: voll | D34: =INDEX(fields[name],MATCH($B34,fields[field],0)) -> Βόλεϊ | E34: {=IF(ISBLANK($A34),"",INDEX(games[th],MATCH(1,(games[r]=$A34)*(games[field]=$B34),0)))} | F34: =_xlfn.IFNA(INDEX(teams[name],MATCH(E34,teams[id],0)),"") | G34: {=IF(ISBLANK($A34),"",INDEX(games[ta],MATCH(1,(games[r]=$A34)*(games[field]=$B34),0)))} | H34: =_xlfn.IFNA(INDEX(teams[name],MATCH(G34,teams[id],0)),"") | L34: =NOT(OR(ISBLANK($I34),ISBLANK($J34))) -> FALSE
A35: =A13+4 -> 6 | B35: base | D35: =INDEX(fields[name],MATCH($B35,fields[field],0)) -> Μπέιζμπολ | E35: {=IF(ISBLANK($A35),"",INDEX(games[th],MATCH(1,(games[r]=$A35)*(games[field]=$B35),0)))} | F35: =_xlfn.IFNA(INDEX(teams[name],MATCH(E35,teams[id],0)),"") | G35: {=IF(ISBLANK($A35),"",INDEX(games[ta],MATCH(1,(games[r]=$A35)*(games[field]=$B35),0)))} | H35: =_xlfn.IFNA(INDEX(teams[name],MATCH(G35,teams[id],0)),"") | L35: =NOT(OR(ISBLANK($I35),ISBLANK($J35))) -> FALSE
A36: =A14+4 -> 7 | B36: fold | C36: Απόγ. Α' | D36: =INDEX(fields[name],MATCH($B36,fields[field],0)) -> Π Ποδόσφαιρο | E36: {=IF(ISBLANK($A36),"",INDEX(games[th],MATCH(1,(games[r]=$A36)*(games[field]=$B36),0)))} | F36: =_xlfn.IFNA(INDEX(teams[name],MATCH(E36,teams[id],0)),"") | G36: {=IF(ISBLANK($A36),"",INDEX(games[ta],MATCH(1,(games[r]=$A36)*(games[field]=$B36),0)))} | H36: =_xlfn.IFNA(INDEX(teams[name],MATCH(G36,teams[id],0)),"") | L36: =NOT(OR(ISBLANK($I36),ISBLANK($J36))) -> FALSE
A37: =A15+4 -> 7 | B37: fnew | D37: =INDEX(fields[name],MATCH($B37,fields[field],0)) -> Κ Ποδόσφαιρο | E37: {=IF(ISBLANK($A37),"",INDEX(games[th],MATCH(1,(games[r]=$A37)*(games[field]=$B37),0)))} | F37: =_xlfn.IFNA(INDEX(teams[name],MATCH(E37,teams[id],0)),"") | G37: {=IF(ISBLANK($A37),"",INDEX(games[ta],MATCH(1,(games[r]=$A37)*(games[field]=$B37),0)))} | H37: =_xlfn.IFNA(INDEX(teams[name],MATCH(G37,teams[id],0)),"") | L37: =NOT(OR(ISBLANK($I37),ISBLANK($J37))) -> FALSE
A38: =A16+4 -> 7 | B38: bask | D38: =INDEX(fields[name],MATCH($B38,fields[field],0)) -> Μπάσκετ | E38: {=IF(ISBLANK($A38),"",INDEX(games[th],MATCH(1,(games[r]=$A38)*(games[field]=$B38),0)))} | F38: =_xlfn.IFNA(INDEX(teams[name],MATCH(E38,teams[id],0)),"") | G38: {=IF(ISBLANK($A38),"",INDEX(games[ta],MATCH(1,(games[r]=$A38)*(games[field]=$B38),0)))} | H38: =_xlfn.IFNA(INDEX(teams[name],MATCH(G38,teams[id],0)),"") | L38: =NOT(OR(ISBLANK($I38),ISBLANK($J38))) -> FALSE
A39: =A17+4 -> 7 | B39: voll | D39: =INDEX(fields[name],MATCH($B39,fields[field],0)) -> Βόλεϊ | E39: {=IF(ISBLANK($A39),"",INDEX(games[th],MATCH(1,(games[r]=$A39)*(games[field]=$B39),0)))} | F39: =_xlfn.IFNA(INDEX(teams[name],MATCH(E39,teams[id],0)),"") | G39: {=IF(ISBLANK($A39),"",INDEX(games[ta],MATCH(1,(games[r]=$A39)*(games[field]=$B39),0)))} | H39: =_xlfn.IFNA(INDEX(teams[name],MATCH(G39,teams[id],0)),"") | L39: =NOT(OR(ISBLANK($I39),ISBLANK($J39))) -> FALSE
A40: =A18+4 -> 7 | B40: base | D40: =INDEX(fields[name],MATCH($B40,fields[field],0)) -> Μπέιζμπολ | E40: {=IF(ISBLANK($A40),"",INDEX(games[th],MATCH(1,(games[r]=$A40)*(games[field]=$B40),0)))} | F40: =_xlfn.IFNA(INDEX(teams[name],MATCH(E40,teams[id],0)),"") | G40: {=IF(ISBLANK($A40),"",INDEX(games[ta],MATCH(1,(games[r]=$A40)*(games[field]=$B40),0)))} | H40: =_xlfn.IFNA(INDEX(teams[name],MATCH(G40,teams[id],0)),"") | L40: =NOT(OR(ISBLANK($I40),ISBLANK($J40))) -> FALSE
A41: =A19+4 -> 8 | B41: fold | C41: Απόγ. Β' | D41: =INDEX(fields[name],MATCH($B41,fields[field],0)) -> Π Ποδόσφαιρο | E41: {=IF(ISBLANK($A41),"",INDEX(games[th],MATCH(1,(games[r]=$A41)*(games[field]=$B41),0)))} | F41: =_xlfn.IFNA(INDEX(teams[name],MATCH(E41,teams[id],0)),"") | G41: {=IF(ISBLANK($A41),"",INDEX(games[ta],MATCH(1,(games[r]=$A41)*(games[field]=$B41),0)))} | H41: =_xlfn.IFNA(INDEX(teams[name],MATCH(G41,teams[id],0)),"") | L41: =NOT(OR(ISBLANK($I41),ISBLANK($J41))) -> FALSE
A42: =A20+4 -> 8 | B42: fnew | D42: =INDEX(fields[name],MATCH($B42,fields[field],0)) -> Κ Ποδόσφαιρο | E42: {=IF(ISBLANK($A42),"",INDEX(games[th],MATCH(1,(games[r]=$A42)*(games[field]=$B42),0)))} | F42: =_xlfn.IFNA(INDEX(teams[name],MATCH(E42,teams[id],0)),"") | G42: {=IF(ISBLANK($A42),"",INDEX(games[ta],MATCH(1,(games[r]=$A42)*(games[field]=$B42),0)))} | H42: =_xlfn.IFNA(INDEX(teams[name],MATCH(G42,teams[id],0)),"") | L42: =NOT(OR(ISBLANK($I42),ISBLANK($J42))) -> FALSE
A43: =A21+4 -> 8 | B43: bask | D43: =INDEX(fields[name],MATCH($B43,fields[field],0)) -> Μπάσκετ | E43: {=IF(ISBLANK($A43),"",INDEX(games[th],MATCH(1,(games[r]=$A43)*(games[field]=$B43),0)))} | F43: =_xlfn.IFNA(INDEX(teams[name],MATCH(E43,teams[id],0)),"") | G43: {=IF(ISBLANK($A43),"",INDEX(games[ta],MATCH(1,(games[r]=$A43)*(games[field]=$B43),0)))} | H43: =_xlfn.IFNA(INDEX(teams[name],MATCH(G43,teams[id],0)),"") | L43: =NOT(OR(ISBLANK($I43),ISBLANK($J43))) -> FALSE
A44: =A22+4 -> 8 | B44: voll | D44: =INDEX(fields[name],MATCH($B44,fields[field],0)) -> Βόλεϊ | E44: {=IF(ISBLANK($A44),"",INDEX(games[th],MATCH(1,(games[r]=$A44)*(games[field]=$B44),0)))} | F44: =_xlfn.IFNA(INDEX(teams[name],MATCH(E44,teams[id],0)),"") | G44: {=IF(ISBLANK($A44),"",INDEX(games[ta],MATCH(1,(games[r]=$A44)*(games[field]=$B44),0)))} | H44: =_xlfn.IFNA(INDEX(teams[name],MATCH(G44,teams[id],0)),"") | L44: =NOT(OR(ISBLANK($I44),ISBLANK($J44))) -> FALSE
A45: =A23+4 -> 8 | B45: base | D45: =INDEX(fields[name],MATCH($B45,fields[field],0)) -> Μπέιζμπολ | E45: {=IF(ISBLANK($A45),"",INDEX(games[th],MATCH(1,(games[r]=$A45)*(games[field]=$B45),0)))} | F45: =_xlfn.IFNA(INDEX(teams[name],MATCH(E45,teams[id],0)),"") | G45: {=IF(ISBLANK($A45),"",INDEX(games[ta],MATCH(1,(games[r]=$A45)*(games[field]=$B45),0)))} | H45: =_xlfn.IFNA(INDEX(teams[name],MATCH(G45,teams[id],0)),"") | L45: =NOT(OR(ISBLANK($I45),ISBLANK($J45))) -> FALSE
C47: =C25+1 -> 46246
A48: =A26+4 -> 9 | B48: fold | C48: Πρωί Α' | D48: =INDEX(fields[name],MATCH($B48,fields[field],0)) -> Π Ποδόσφαιρο | E48: {=IF(ISBLANK($A48),"",INDEX(games[th],MATCH(1,(games[r]=$A48)*(games[field]=$B48),0)))} | F48: =_xlfn.IFNA(INDEX(teams[name],MATCH(E48,teams[id],0)),"") | G48: {=IF(ISBLANK($A48),"",INDEX(games[ta],MATCH(1,(games[r]=$A48)*(games[field]=$B48),0)))} | H48: =_xlfn.IFNA(INDEX(teams[name],MATCH(G48,teams[id],0)),"") | L48: =NOT(OR(ISBLANK($I48),ISBLANK($J48))) -> FALSE
A49: =A27+4 -> 9 | B49: fnew | D49: =INDEX(fields[name],MATCH($B49,fields[field],0)) -> Κ Ποδόσφαιρο | E49: {=IF(ISBLANK($A49),"",INDEX(games[th],MATCH(1,(games[r]=$A49)*(games[field]=$B49),0)))} | F49: =_xlfn.IFNA(INDEX(teams[name],MATCH(E49,teams[id],0)),"") | G49: {=IF(ISBLANK($A49),"",INDEX(games[ta],MATCH(1,(games[r]=$A49)*(games[field]=$B49),0)))} | H49: =_xlfn.IFNA(INDEX(teams[name],MATCH(G49,teams[id],0)),"") | L49: =NOT(OR(ISBLANK($I49),ISBLANK($J49))) -> FALSE
A50: =A28+4 -> 9 | B50: bask | D50: =INDEX(fields[name],MATCH($B50,fields[field],0)) -> Μπάσκετ | E50: {=IF(ISBLANK($A50),"",INDEX(games[th],MATCH(1,(games[r]=$A50)*(games[field]=$B50),0)))} | F50: =_xlfn.IFNA(INDEX(teams[name],MATCH(E50,teams[id],0)),"") | G50: {=IF(ISBLANK($A50),"",INDEX(games[ta],MATCH(1,(games[r]=$A50)*(games[field]=$B50),0)))} | H50: =_xlfn.IFNA(INDEX(teams[name],MATCH(G50,teams[id],0)),"") | L50: =NOT(OR(ISBLANK($I50),ISBLANK($J50))) -> FALSE
A51: =A29+4 -> 9 | B51: voll | D51: =INDEX(fields[name],MATCH($B51,fields[field],0)) -> Βόλεϊ | E51: {=IF(ISBLANK($A51),"",INDEX(games[th],MATCH(1,(games[r]=$A51)*(games[field]=$B51),0)))} | F51: =_xlfn.IFNA(INDEX(teams[name],MATCH(E51,teams[id],0)),"") | G51: {=IF(ISBLANK($A51),"",INDEX(games[ta],MATCH(1,(games[r]=$A51)*(games[field]=$B51),0)))} | H51: =_xlfn.IFNA(INDEX(teams[name],MATCH(G51,teams[id],0)),"") | L51: =NOT(OR(ISBLANK($I51),ISBLANK($J51))) -> FALSE
A52: =A30+4 -> 9 | B52: base | D52: =INDEX(fields[name],MATCH($B52,fields[field],0)) -> Μπέιζμπολ | E52: {=IF(ISBLANK($A52),"",INDEX(games[th],MATCH(1,(games[r]=$A52)*(games[field]=$B52),0)))} | F52: =_xlfn.IFNA(INDEX(teams[name],MATCH(E52,teams[id],0)),"") | G52: {=IF(ISBLANK($A52),"",INDEX(games[ta],MATCH(1,(games[r]=$A52)*(games[field]=$B52),0)))} | H52: =_xlfn.IFNA(INDEX(teams[name],MATCH(G52,teams[id],0)),"") | L52: =NOT(OR(ISBLANK($I52),ISBLANK($J52))) -> FALSE
A53: =A31+4 -> 10 | B53: fold | C53: Πρωί Β' | D53: =INDEX(fields[name],MATCH($B53,fields[field],0)) -> Π Ποδόσφαιρο | E53: {=IF(ISBLANK($A53),"",INDEX(games[th],MATCH(1,(games[r]=$A53)*(games[field]=$B53),0)))} | F53: =_xlfn.IFNA(INDEX(teams[name],MATCH(E53,teams[id],0)),"") | G53: {=IF(ISBLANK($A53),"",INDEX(games[ta],MATCH(1,(games[r]=$A53)*(games[field]=$B53),0)))} | H53: =_xlfn.IFNA(INDEX(teams[name],MATCH(G53,teams[id],0)),"") | L53: =NOT(OR(ISBLANK($I53),ISBLANK($J53))) -> FALSE
A54: =A32+4 -> 10 | B54: fnew | D54: =INDEX(fields[name],MATCH($B54,fields[field],0)) -> Κ Ποδόσφαιρο | E54: {=IF(ISBLANK($A54),"",INDEX(games[th],MATCH(1,(games[r]=$A54)*(games[field]=$B54),0)))} | F54: =_xlfn.IFNA(INDEX(teams[name],MATCH(E54,teams[id],0)),"") | G54: {=IF(ISBLANK($A54),"",INDEX(games[ta],MATCH(1,(games[r]=$A54)*(games[field]=$B54),0)))} | H54: =_xlfn.IFNA(INDEX(teams[name],MATCH(G54,teams[id],0)),"") | L54: =NOT(OR(ISBLANK($I54),ISBLANK($J54))) -> FALSE
A55: =A33+4 -> 10 | B55: bask | D55: =INDEX(fields[name],MATCH($B55,fields[field],0)) -> Μπάσκετ | E55: {=IF(ISBLANK($A55),"",INDEX(games[th],MATCH(1,(games[r]=$A55)*(games[field]=$B55),0)))} | F55: =_xlfn.IFNA(INDEX(teams[name],MATCH(E55,teams[id],0)),"") | G55: {=IF(ISBLANK($A55),"",INDEX(games[ta],MATCH(1,(games[r]=$A55)*(games[field]=$B55),0)))} | H55: =_xlfn.IFNA(INDEX(teams[name],MATCH(G55,teams[id],0)),"") | L55: =NOT(OR(ISBLANK($I55),ISBLANK($J55))) -> FALSE
A56: =A34+4 -> 10 | B56: voll | D56: =INDEX(fields[name],MATCH($B56,fields[field],0)) -> Βόλεϊ | E56: {=IF(ISBLANK($A56),"",INDEX(games[th],MATCH(1,(games[r]=$A56)*(games[field]=$B56),0)))} | F56: =_xlfn.IFNA(INDEX(teams[name],MATCH(E56,teams[id],0)),"") | G56: {=IF(ISBLANK($A56),"",INDEX(games[ta],MATCH(1,(games[r]=$A56)*(games[field]=$B56),0)))} | H56: =_xlfn.IFNA(INDEX(teams[name],MATCH(G56,teams[id],0)),"") | L56: =NOT(OR(ISBLANK($I56),ISBLANK($J56))) -> FALSE
A57: =A35+4 -> 10 | B57: base | D57: =INDEX(fields[name],MATCH($B57,fields[field],0)) -> Μπέιζμπολ | E57: {=IF(ISBLANK($A57),"",INDEX(games[th],MATCH(1,(games[r]=$A57)*(games[field]=$B57),0)))} | F57: =_xlfn.IFNA(INDEX(teams[name],MATCH(E57,teams[id],0)),"") | G57: {=IF(ISBLANK($A57),"",INDEX(games[ta],MATCH(1,(games[r]=$A57)*(games[field]=$B57),0)))} | H57: =_xlfn.IFNA(INDEX(teams[name],MATCH(G57,teams[id],0)),"") | L57: =NOT(OR(ISBLANK($I57),ISBLANK($J57))) -> FALSE
A58: =A36+4 -> 11 | B58: fold | C58: Απόγ. Α' | D58: =INDEX(fields[name],MATCH($B58,fields[field],0)) -> Π Ποδόσφαιρο | E58: {=IF(ISBLANK($A58),"",INDEX(games[th],MATCH(1,(games[r]=$A58)*(games[field]=$B58),0)))} | F58: =_xlfn.IFNA(INDEX(teams[name],MATCH(E58,teams[id],0)),"") | G58: {=IF(ISBLANK($A58),"",INDEX(games[ta],MATCH(1,(games[r]=$A58)*(games[field]=$B58),0)))} | H58: =_xlfn.IFNA(INDEX(teams[name],MATCH(G58,teams[id],0)),"") | L58: =NOT(OR(ISBLANK($I58),ISBLANK($J58))) -> FALSE
A59: =A37+4 -> 11 | B59: fnew | D59: =INDEX(fields[name],MATCH($B59,fields[field],0)) -> Κ Ποδόσφαιρο | E59: {=IF(ISBLANK($A59),"",INDEX(games[th],MATCH(1,(games[r]=$A59)*(games[field]=$B59),0)))} | F59: =_xlfn.IFNA(INDEX(teams[name],MATCH(E59,teams[id],0)),"") | G59: {=IF(ISBLANK($A59),"",INDEX(games[ta],MATCH(1,(games[r]=$A59)*(games[field]=$B59),0)))} | H59: =_xlfn.IFNA(INDEX(teams[name],MATCH(G59,teams[id],0)),"") | L59: =NOT(OR(ISBLANK($I59),ISBLANK($J59))) -> FALSE
A60: =A38+4 -> 11 | B60: bask | D60: =INDEX(fields[name],MATCH($B60,fields[field],0)) -> Μπάσκετ | E60: {=IF(ISBLANK($A60),"",INDEX(games[th],MATCH(1,(games[r]=$A60)*(games[field]=$B60),0)))} | F60: =_xlfn.IFNA(INDEX(teams[name],MATCH(E60,teams[id],0)),"") | G60: {=IF(ISBLANK($A60),"",INDEX(games[ta],MATCH(1,(games[r]=$A60)*(games[field]=$B60),0)))} | H60: =_xlfn.IFNA(INDEX(teams[name],MATCH(G60,teams[id],0)),"") | L60: =NOT(OR(ISBLANK($I60),ISBLANK($J60))) -> FALSE
A61: =A39+4 -> 11 | B61: voll | D61: =INDEX(fields[name],MATCH($B61,fields[field],0)) -> Βόλεϊ | E61: {=IF(ISBLANK($A61),"",INDEX(games[th],MATCH(1,(games[r]=$A61)*(games[field]=$B61),0)))} | F61: =_xlfn.IFNA(INDEX(teams[name],MATCH(E61,teams[id],0)),"") | G61: {=IF(ISBLANK($A61),"",INDEX(games[ta],MATCH(1,(games[r]=$A61)*(games[field]=$B61),0)))} | H61: =_xlfn.IFNA(INDEX(teams[name],MATCH(G61,teams[id],0)),"") | L61: =NOT(OR(ISBLANK($I61),ISBLANK($J61))) -> FALSE
A62: =A40+4 -> 11 | B62: base | D62: =INDEX(fields[name],MATCH($B62,fields[field],0)) -> Μπέιζμπολ | E62: {=IF(ISBLANK($A62),"",INDEX(games[th],MATCH(1,(games[r]=$A62)*(games[field]=$B62),0)))} | F62: =_xlfn.IFNA(INDEX(teams[name],MATCH(E62,teams[id],0)),"") | G62: {=IF(ISBLANK($A62),"",INDEX(games[ta],MATCH(1,(games[r]=$A62)*(games[field]=$B62),0)))} | H62: =_xlfn.IFNA(INDEX(teams[name],MATCH(G62,teams[id],0)),"") | L62: =NOT(OR(ISBLANK($I62),ISBLANK($J62))) -> FALSE
A63: =A41+4 -> 12 | B63: fold | C63: Απόγ. Β' | D63: =INDEX(fields[name],MATCH($B63,fields[field],0)) -> Π Ποδόσφαιρο | E63: {=IF(ISBLANK($A63),"",INDEX(games[th],MATCH(1,(games[r]=$A63)*(games[field]=$B63),0)))} | F63: =_xlfn.IFNA(INDEX(teams[name],MATCH(E63,teams[id],0)),"") | G63: {=IF(ISBLANK($A63),"",INDEX(games[ta],MATCH(1,(games[r]=$A63)*(games[field]=$B63),0)))} | H63: =_xlfn.IFNA(INDEX(teams[name],MATCH(G63,teams[id],0)),"") | L63: =NOT(OR(ISBLANK($I63),ISBLANK($J63))) -> FALSE
A64: =A42+4 -> 12 | B64: fnew | D64: =INDEX(fields[name],MATCH($B64,fields[field],0)) -> Κ Ποδόσφαιρο | E64: {=IF(ISBLANK($A64),"",INDEX(games[th],MATCH(1,(games[r]=$A64)*(games[field]=$B64),0)))} | F64: =_xlfn.IFNA(INDEX(teams[name],MATCH(E64,teams[id],0)),"") | G64: {=IF(ISBLANK($A64),"",INDEX(games[ta],MATCH(1,(games[r]=$A64)*(games[field]=$B64),0)))} | H64: =_xlfn.IFNA(INDEX(teams[name],MATCH(G64,teams[id],0)),"") | L64: =NOT(OR(ISBLANK($I64),ISBLANK($J64))) -> FALSE
A65: =A43+4 -> 12 | B65: bask | D65: =INDEX(fields[name],MATCH($B65,fields[field],0)) -> Μπάσκετ | E65: {=IF(ISBLANK($A65),"",INDEX(games[th],MATCH(1,(games[r]=$A65)*(games[field]=$B65),0)))} | F65: =_xlfn.IFNA(INDEX(teams[name],MATCH(E65,teams[id],0)),"") | G65: {=IF(ISBLANK($A65),"",INDEX(games[ta],MATCH(1,(games[r]=$A65)*(games[field]=$B65),0)))} | H65: =_xlfn.IFNA(INDEX(teams[name],MATCH(G65,teams[id],0)),"") | L65: =NOT(OR(ISBLANK($I65),ISBLANK($J65))) -> FALSE
A66: =A44+4 -> 12 | B66: voll | D66: =INDEX(fields[name],MATCH($B66,fields[field],0)) -> Βόλεϊ | E66: {=IF(ISBLANK($A66),"",INDEX(games[th],MATCH(1,(games[r]=$A66)*(games[field]=$B66),0)))} | F66: =_xlfn.IFNA(INDEX(teams[name],MATCH(E66,teams[id],0)),"") | G66: {=IF(ISBLANK($A66),"",INDEX(games[ta],MATCH(1,(games[r]=$A66)*(games[field]=$B66),0)))} | H66: =_xlfn.IFNA(INDEX(teams[name],MATCH(G66,teams[id],0)),"") | L66: =NOT(OR(ISBLANK($I66),ISBLANK($J66))) -> FALSE
A67: =A45+4 -> 12 | B67: base | D67: =INDEX(fields[name],MATCH($B67,fields[field],0)) -> Μπέιζμπολ | E67: {=IF(ISBLANK($A67),"",INDEX(games[th],MATCH(1,(games[r]=$A67)*(games[field]=$B67),0)))} | F67: =_xlfn.IFNA(INDEX(teams[name],MATCH(E67,teams[id],0)),"") | G67: {=IF(ISBLANK($A67),"",INDEX(games[ta],MATCH(1,(games[r]=$A67)*(games[field]=$B67),0)))} | H67: =_xlfn.IFNA(INDEX(teams[name],MATCH(G67,teams[id],0)),"") | L67: =NOT(OR(ISBLANK($I67),ISBLANK($J67))) -> FALSE
C69: =C47+1 -> 46247
A70: =A48+4 -> 13 | B70: fold | C70: Πρωί Α' | D70: =INDEX(fields[name],MATCH($B70,fields[field],0)) -> Π Ποδόσφαιρο | E70: {=IF(ISBLANK($A70),"",INDEX(games[th],MATCH(1,(games[r]=$A70)*(games[field]=$B70),0)))} | F70: =_xlfn.IFNA(INDEX(teams[name],MATCH(E70,teams[id],0)),"") | G70: {=IF(ISBLANK($A70),"",INDEX(games[ta],MATCH(1,(games[r]=$A70)*(games[field]=$B70),0)))} | H70: =_xlfn.IFNA(INDEX(teams[name],MATCH(G70,teams[id],0)),"") | L70: =NOT(OR(ISBLANK($I70),ISBLANK($J70))) -> FALSE
A71: =A49+4 -> 13 | B71: fnew | D71: =INDEX(fields[name],MATCH($B71,fields[field],0)) -> Κ Ποδόσφαιρο | E71: {=IF(ISBLANK($A71),"",INDEX(games[th],MATCH(1,(games[r]=$A71)*(games[field]=$B71),0)))} | F71: =_xlfn.IFNA(INDEX(teams[name],MATCH(E71,teams[id],0)),"") | G71: {=IF(ISBLANK($A71),"",INDEX(games[ta],MATCH(1,(games[r]=$A71)*(games[field]=$B71),0)))} | H71: =_xlfn.IFNA(INDEX(teams[name],MATCH(G71,teams[id],0)),"") | L71: =NOT(OR(ISBLANK($I71),ISBLANK($J71))) -> FALSE
A72: =A50+4 -> 13 | B72: bask | D72: =INDEX(fields[name],MATCH($B72,fields[field],0)) -> Μπάσκετ | E72: {=IF(ISBLANK($A72),"",INDEX(games[th],MATCH(1,(games[r]=$A72)*(games[field]=$B72),0)))} | F72: =_xlfn.IFNA(INDEX(teams[name],MATCH(E72,teams[id],0)),"") | G72: {=IF(ISBLANK($A72),"",INDEX(games[ta],MATCH(1,(games[r]=$A72)*(games[field]=$B72),0)))} | H72: =_xlfn.IFNA(INDEX(teams[name],MATCH(G72,teams[id],0)),"") | L72: =NOT(OR(ISBLANK($I72),ISBLANK($J72))) -> FALSE
A73: =A51+4 -> 13 | B73: voll | D73: =INDEX(fields[name],MATCH($B73,fields[field],0)) -> Βόλεϊ | E73: {=IF(ISBLANK($A73),"",INDEX(games[th],MATCH(1,(games[r]=$A73)*(games[field]=$B73),0)))} | F73: =_xlfn.IFNA(INDEX(teams[name],MATCH(E73,teams[id],0)),"") | G73: {=IF(ISBLANK($A73),"",INDEX(games[ta],MATCH(1,(games[r]=$A73)*(games[field]=$B73),0)))} | H73: =_xlfn.IFNA(INDEX(teams[name],MATCH(G73,teams[id],0)),"") | L73: =NOT(OR(ISBLANK($I73),ISBLANK($J73))) -> FALSE
A74: =A52+4 -> 13 | B74: base | D74: =INDEX(fields[name],MATCH($B74,fields[field],0)) -> Μπέιζμπολ | E74: {=IF(ISBLANK($A74),"",INDEX(games[th],MATCH(1,(games[r]=$A74)*(games[field]=$B74),0)))} | F74: =_xlfn.IFNA(INDEX(teams[name],MATCH(E74,teams[id],0)),"") | G74: {=IF(ISBLANK($A74),"",INDEX(games[ta],MATCH(1,(games[r]=$A74)*(games[field]=$B74),0)))} | H74: =_xlfn.IFNA(INDEX(teams[name],MATCH(G74,teams[id],0)),"") | L74: =NOT(OR(ISBLANK($I74),ISBLANK($J74))) -> FALSE
A75: =A53+4 -> 14 | B75: fold | C75: Πρωί Β' | D75: =INDEX(fields[name],MATCH($B75,fields[field],0)) -> Π Ποδόσφαιρο | E75: {=IF(ISBLANK($A75),"",INDEX(games[th],MATCH(1,(games[r]=$A75)*(games[field]=$B75),0)))} | F75: =_xlfn.IFNA(INDEX(teams[name],MATCH(E75,teams[id],0)),"") | G75: {=IF(ISBLANK($A75),"",INDEX(games[ta],MATCH(1,(games[r]=$A75)*(games[field]=$B75),0)))} | H75: =_xlfn.IFNA(INDEX(teams[name],MATCH(G75,teams[id],0)),"") | L75: =NOT(OR(ISBLANK($I75),ISBLANK($J75))) -> FALSE
A76: =A54+4 -> 14 | B76: fnew | D76: =INDEX(fields[name],MATCH($B76,fields[field],0)) -> Κ Ποδόσφαιρο | E76: {=IF(ISBLANK($A76),"",INDEX(games[th],MATCH(1,(games[r]=$A76)*(games[field]=$B76),0)))} | F76: =_xlfn.IFNA(INDEX(teams[name],MATCH(E76,teams[id],0)),"") | G76: {=IF(ISBLANK($A76),"",INDEX(games[ta],MATCH(1,(games[r]=$A76)*(games[field]=$B76),0)))} | H76: =_xlfn.IFNA(INDEX(teams[name],MATCH(G76,teams[id],0)),"") | L76: =NOT(OR(ISBLANK($I76),ISBLANK($J76))) -> FALSE
A77: =A55+4 -> 14 | B77: bask | D77: =INDEX(fields[name],MATCH($B77,fields[field],0)) -> Μπάσκετ | E77: {=IF(ISBLANK($A77),"",INDEX(games[th],MATCH(1,(games[r]=$A77)*(games[field]=$B77),0)))} | F77: =_xlfn.IFNA(INDEX(teams[name],MATCH(E77,teams[id],0)),"") | G77: {=IF(ISBLANK($A77),"",INDEX(games[ta],MATCH(1,(games[r]=$A77)*(games[field]=$B77),0)))} | H77: =_xlfn.IFNA(INDEX(teams[name],MATCH(G77,teams[id],0)),"") | L77: =NOT(OR(ISBLANK($I77),ISBLANK($J77))) -> FALSE
A78: =A56+4 -> 14 | B78: voll | D78: =INDEX(fields[name],MATCH($B78,fields[field],0)) -> Βόλεϊ | E78: {=IF(ISBLANK($A78),"",INDEX(games[th],MATCH(1,(games[r]=$A78)*(games[field]=$B78),0)))} | F78: =_xlfn.IFNA(INDEX(teams[name],MATCH(E78,teams[id],0)),"") | G78: {=IF(ISBLANK($A78),"",INDEX(games[ta],MATCH(1,(games[r]=$A78)*(games[field]=$B78),0)))} | H78: =_xlfn.IFNA(INDEX(teams[name],MATCH(G78,teams[id],0)),"") | L78: =NOT(OR(ISBLANK($I78),ISBLANK($J78))) -> FALSE
A79: =A57+4 -> 14 | B79: base | D79: =INDEX(fields[name],MATCH($B79,fields[field],0)) -> Μπέιζμπολ | E79: {=IF(ISBLANK($A79),"",INDEX(games[th],MATCH(1,(games[r]=$A79)*(games[field]=$B79),0)))} | F79: =_xlfn.IFNA(INDEX(teams[name],MATCH(E79,teams[id],0)),"") | G79: {=IF(ISBLANK($A79),"",INDEX(games[ta],MATCH(1,(games[r]=$A79)*(games[field]=$B79),0)))} | H79: =_xlfn.IFNA(INDEX(teams[name],MATCH(G79,teams[id],0)),"") | L79: =NOT(OR(ISBLANK($I79),ISBLANK($J79))) -> FALSE
A80: =A58+4 -> 15 | B80: fold | C80: Απόγ. Α' | D80: =INDEX(fields[name],MATCH($B80,fields[field],0)) -> Π Ποδόσφαιρο | E80: {=IF(ISBLANK($A80),"",INDEX(games[th],MATCH(1,(games[r]=$A80)*(games[field]=$B80),0)))} | F80: =_xlfn.IFNA(INDEX(teams[name],MATCH(E80,teams[id],0)),"") | G80: {=IF(ISBLANK($A80),"",INDEX(games[ta],MATCH(1,(games[r]=$A80)*(games[field]=$B80),0)))} | H80: =_xlfn.IFNA(INDEX(teams[name],MATCH(G80,teams[id],0)),"") | L80: =NOT(OR(ISBLANK($I80),ISBLANK($J80))) -> FALSE
A81: =A59+4 -> 15 | B81: fnew | D81: =INDEX(fields[name],MATCH($B81,fields[field],0)) -> Κ Ποδόσφαιρο | E81: {=IF(ISBLANK($A81),"",INDEX(games[th],MATCH(1,(games[r]=$A81)*(games[field]=$B81),0)))} | F81: =_xlfn.IFNA(INDEX(teams[name],MATCH(E81,teams[id],0)),"") | G81: {=IF(ISBLANK($A81),"",INDEX(games[ta],MATCH(1,(games[r]=$A81)*(games[field]=$B81),0)))} | H81: =_xlfn.IFNA(INDEX(teams[name],MATCH(G81,teams[id],0)),"") | L81: =NOT(OR(ISBLANK($I81),ISBLANK($J81))) -> FALSE
A82: =A60+4 -> 15 | B82: bask | D82: =INDEX(fields[name],MATCH($B82,fields[field],0)) -> Μπάσκετ | E82: {=IF(ISBLANK($A82),"",INDEX(games[th],MATCH(1,(games[r]=$A82)*(games[field]=$B82),0)))} | F82: =_xlfn.IFNA(INDEX(teams[name],MATCH(E82,teams[id],0)),"") | G82: {=IF(ISBLANK($A82),"",INDEX(games[ta],MATCH(1,(games[r]=$A82)*(games[field]=$B82),0)))} | H82: =_xlfn.IFNA(INDEX(teams[name],MATCH(G82,teams[id],0)),"") | L82: =NOT(OR(ISBLANK($I82),ISBLANK($J82))) -> FALSE
A83: =A61+4 -> 15 | B83: voll | D83: =INDEX(fields[name],MATCH($B83,fields[field],0)) -> Βόλεϊ | E83: {=IF(ISBLANK($A83),"",INDEX(games[th],MATCH(1,(games[r]=$A83)*(games[field]=$B83),0)))} | F83: =_xlfn.IFNA(INDEX(teams[name],MATCH(E83,teams[id],0)),"") | G83: {=IF(ISBLANK($A83),"",INDEX(games[ta],MATCH(1,(games[r]=$A83)*(games[field]=$B83),0)))} | H83: =_xlfn.IFNA(INDEX(teams[name],MATCH(G83,teams[id],0)),"") | L83: =NOT(OR(ISBLANK($I83),ISBLANK($J83))) -> FALSE
A84: =A62+4 -> 15 | B84: base | D84: =INDEX(fields[name],MATCH($B84,fields[field],0)) -> Μπέιζμπολ | E84: {=IF(ISBLANK($A84),"",INDEX(games[th],MATCH(1,(games[r]=$A84)*(games[field]=$B84),0)))} | F84: =_xlfn.IFNA(INDEX(teams[name],MATCH(E84,teams[id],0)),"") | G84: {=IF(ISBLANK($A84),"",INDEX(games[ta],MATCH(1,(games[r]=$A84)*(games[field]=$B84),0)))} | H84: =_xlfn.IFNA(INDEX(teams[name],MATCH(G84,teams[id],0)),"") | L84: =NOT(OR(ISBLANK($I84),ISBLANK($J84))) -> FALSE
A85: =A63+4 -> 16 | B85: fold | C85: Απόγ. Β' | D85: =INDEX(fields[name],MATCH($B85,fields[field],0)) -> Π Ποδόσφαιρο | E85: {=IF(ISBLANK($A85),"",INDEX(games[th],MATCH(1,(games[r]=$A85)*(games[field]=$B85),0)))} | F85: =_xlfn.IFNA(INDEX(teams[name],MATCH(E85,teams[id],0)),"") | G85: {=IF(ISBLANK($A85),"",INDEX(games[ta],MATCH(1,(games[r]=$A85)*(games[field]=$B85),0)))} | H85: =_xlfn.IFNA(INDEX(teams[name],MATCH(G85,teams[id],0)),"") | L85: =NOT(OR(ISBLANK($I85),ISBLANK($J85))) -> FALSE
A86: =A64+4 -> 16 | B86: fnew | D86: =INDEX(fields[name],MATCH($B86,fields[field],0)) -> Κ Ποδόσφαιρο | E86: {=IF(ISBLANK($A86),"",INDEX(games[th],MATCH(1,(games[r]=$A86)*(games[field]=$B86),0)))} | F86: =_xlfn.IFNA(INDEX(teams[name],MATCH(E86,teams[id],0)),"") | G86: {=IF(ISBLANK($A86),"",INDEX(games[ta],MATCH(1,(games[r]=$A86)*(games[field]=$B86),0)))} | H86: =_xlfn.IFNA(INDEX(teams[name],MATCH(G86,teams[id],0)),"") | L86: =NOT(OR(ISBLANK($I86),ISBLANK($J86))) -> FALSE
A87: =A65+4 -> 16 | B87: bask | D87: =INDEX(fields[name],MATCH($B87,fields[field],0)) -> Μπάσκετ | E87: {=IF(ISBLANK($A87),"",INDEX(games[th],MATCH(1,(games[r]=$A87)*(games[field]=$B87),0)))} | F87: =_xlfn.IFNA(INDEX(teams[name],MATCH(E87,teams[id],0)),"") | G87: {=IF(ISBLANK($A87),"",INDEX(games[ta],MATCH(1,(games[r]=$A87)*(games[field]=$B87),0)))} | H87: =_xlfn.IFNA(INDEX(teams[name],MATCH(G87,teams[id],0)),"") | L87: =NOT(OR(ISBLANK($I87),ISBLANK($J87))) -> FALSE
A88: =A66+4 -> 16 | B88: voll | D88: =INDEX(fields[name],MATCH($B88,fields[field],0)) -> Βόλεϊ | E88: {=IF(ISBLANK($A88),"",INDEX(games[th],MATCH(1,(games[r]=$A88)*(games[field]=$B88),0)))} | F88: =_xlfn.IFNA(INDEX(teams[name],MATCH(E88,teams[id],0)),"") | G88: {=IF(ISBLANK($A88),"",INDEX(games[ta],MATCH(1,(games[r]=$A88)*(games[field]=$B88),0)))} | H88: =_xlfn.IFNA(INDEX(teams[name],MATCH(G88,teams[id],0)),"") | L88: =NOT(OR(ISBLANK($I88),ISBLANK($J88))) -> FALSE
A89: =A67+4 -> 16 | B89: base | D89: =INDEX(fields[name],MATCH($B89,fields[field],0)) -> Μπέιζμπολ | E89: {=IF(ISBLANK($A89),"",INDEX(games[th],MATCH(1,(games[r]=$A89)*(games[field]=$B89),0)))} | F89: =_xlfn.IFNA(INDEX(teams[name],MATCH(E89,teams[id],0)),"") | G89: {=IF(ISBLANK($A89),"",INDEX(games[ta],MATCH(1,(games[r]=$A89)*(games[field]=$B89),0)))} | H89: =_xlfn.IFNA(INDEX(teams[name],MATCH(G89,teams[id],0)),"") | L89: =NOT(OR(ISBLANK($I89),ISBLANK($J89))) -> FALSE
C91: =C69+1 -> 46248
A92: =A70+4 -> 17 | B92: fold | C92: Πρωί Α' | D92: =INDEX(fields[name],MATCH($B92,fields[field],0)) -> Π Ποδόσφαιρο | E92: {=IF(ISBLANK($A92),"",INDEX(games[th],MATCH(1,(games[r]=$A92)*(games[field]=$B92),0)))} | F92: =_xlfn.IFNA(INDEX(teams[name],MATCH(E92,teams[id],0)),"") | G92: {=IF(ISBLANK($A92),"",INDEX(games[ta],MATCH(1,(games[r]=$A92)*(games[field]=$B92),0)))} | H92: =_xlfn.IFNA(INDEX(teams[name],MATCH(G92,teams[id],0)),"") | L92: =NOT(OR(ISBLANK($I92),ISBLANK($J92))) -> FALSE
A93: =A71+4 -> 17 | B93: fnew | D93: =INDEX(fields[name],MATCH($B93,fields[field],0)) -> Κ Ποδόσφαιρο | E93: {=IF(ISBLANK($A93),"",INDEX(games[th],MATCH(1,(games[r]=$A93)*(games[field]=$B93),0)))} | F93: =_xlfn.IFNA(INDEX(teams[name],MATCH(E93,teams[id],0)),"") | G93: {=IF(ISBLANK($A93),"",INDEX(games[ta],MATCH(1,(games[r]=$A93)*(games[field]=$B93),0)))} | H93: =_xlfn.IFNA(INDEX(teams[name],MATCH(G93,teams[id],0)),"") | L93: =NOT(OR(ISBLANK($I93),ISBLANK($J93))) -> FALSE
A94: =A72+4 -> 17 | B94: bask | D94: =INDEX(fields[name],MATCH($B94,fields[field],0)) -> Μπάσκετ | E94: {=IF(ISBLANK($A94),"",INDEX(games[th],MATCH(1,(games[r]=$A94)*(games[field]=$B94),0)))} | F94: =_xlfn.IFNA(INDEX(teams[name],MATCH(E94,teams[id],0)),"") | G94: {=IF(ISBLANK($A94),"",INDEX(games[ta],MATCH(1,(games[r]=$A94)*(games[field]=$B94),0)))} | H94: =_xlfn.IFNA(INDEX(teams[name],MATCH(G94,teams[id],0)),"") | L94: =NOT(OR(ISBLANK($I94),ISBLANK($J94))) -> FALSE
A95: =A73+4 -> 17 | B95: voll | D95: =INDEX(fields[name],MATCH($B95,fields[field],0)) -> Βόλεϊ | E95: {=IF(ISBLANK($A95),"",INDEX(games[th],MATCH(1,(games[r]=$A95)*(games[field]=$B95),0)))} | F95: =_xlfn.IFNA(INDEX(teams[name],MATCH(E95,teams[id],0)),"") | G95: {=IF(ISBLANK($A95),"",INDEX(games[ta],MATCH(1,(games[r]=$A95)*(games[field]=$B95),0)))} | H95: =_xlfn.IFNA(INDEX(teams[name],MATCH(G95,teams[id],0)),"") | L95: =NOT(OR(ISBLANK($I95),ISBLANK($J95))) -> FALSE
A96: =A74+4 -> 17 | B96: base | D96: =INDEX(fields[name],MATCH($B96,fields[field],0)) -> Μπέιζμπολ | E96: {=IF(ISBLANK($A96),"",INDEX(games[th],MATCH(1,(games[r]=$A96)*(games[field]=$B96),0)))} | F96: =_xlfn.IFNA(INDEX(teams[name],MATCH(E96,teams[id],0)),"") | G96: {=IF(ISBLANK($A96),"",INDEX(games[ta],MATCH(1,(games[r]=$A96)*(games[field]=$B96),0)))} | H96: =_xlfn.IFNA(INDEX(teams[name],MATCH(G96,teams[id],0)),"") | L96: =NOT(OR(ISBLANK($I96),ISBLANK($J96))) -> FALSE
A97: =A75+4 -> 18 | B97: fold | C97: Πρωί Β' | D97: =INDEX(fields[name],MATCH($B97,fields[field],0)) -> Π Ποδόσφαιρο | E97: {=IF(ISBLANK($A97),"",INDEX(games[th],MATCH(1,(games[r]=$A97)*(games[field]=$B97),0)))} | F97: =_xlfn.IFNA(INDEX(teams[name],MATCH(E97,teams[id],0)),"") | G97: {=IF(ISBLANK($A97),"",INDEX(games[ta],MATCH(1,(games[r]=$A97)*(games[field]=$B97),0)))} | H97: =_xlfn.IFNA(INDEX(teams[name],MATCH(G97,teams[id],0)),"") | L97: =NOT(OR(ISBLANK($I97),ISBLANK($J97))) -> FALSE
A98: =A76+4 -> 18 | B98: fnew | D98: =INDEX(fields[name],MATCH($B98,fields[field],0)) -> Κ Ποδόσφαιρο | E98: {=IF(ISBLANK($A98),"",INDEX(games[th],MATCH(1,(games[r]=$A98)*(games[field]=$B98),0)))} | F98: =_xlfn.IFNA(INDEX(teams[name],MATCH(E98,teams[id],0)),"") | G98: {=IF(ISBLANK($A98),"",INDEX(games[ta],MATCH(1,(games[r]=$A98)*(games[field]=$B98),0)))} | H98: =_xlfn.IFNA(INDEX(teams[name],MATCH(G98,teams[id],0)),"") | L98: =NOT(OR(ISBLANK($I98),ISBLANK($J98))) -> FALSE
A99: =A77+4 -> 18 | B99: bask | D99: =INDEX(fields[name],MATCH($B99,fields[field],0)) -> Μπάσκετ | E99: {=IF(ISBLANK($A99),"",INDEX(games[th],MATCH(1,(games[r]=$A99)*(games[field]=$B99),0)))} | F99: =_xlfn.IFNA(INDEX(teams[name],MATCH(E99,teams[id],0)),"") | G99: {=IF(ISBLANK($A99),"",INDEX(games[ta],MATCH(1,(games[r]=$A99)*(games[field]=$B99),0)))} | H99: =_xlfn.IFNA(INDEX(teams[name],MATCH(G99,teams[id],0)),"") | L99: =NOT(OR(ISBLANK($I99),ISBLANK($J99))) -> FALSE
A100: =A78+4 -> 18 | B100: voll | D100: =INDEX(fields[name],MATCH($B100,fields[field],0)) -> Βόλεϊ | E100: {=IF(ISBLANK($A100),"",INDEX(games[th],MATCH(1,(games[r]=$A100)*(games[field]=$B100),0)))} | F100: =_xlfn.IFNA(INDEX(teams[name],MATCH(E100,teams[id],0)),"") | G100: {=IF(ISBLANK($A100),"",INDEX(games[ta],MATCH(1,(games[r]=$A100)*(games[field]=$B100),0)))} | H100: =_xlfn.IFNA(INDEX(teams[name],MATCH(G100,teams[id],0)),"") | L100: =NOT(OR(ISBLANK($I100),ISBLANK($J100))) -> FALSE
A101: =A79+4 -> 18 | B101: base | D101: =INDEX(fields[name],MATCH($B101,fields[field],0)) -> Μπέιζμπολ | E101: {=IF(ISBLANK($A101),"",INDEX(games[th],MATCH(1,(games[r]=$A101)*(games[field]=$B101),0)))} | F101: =_xlfn.IFNA(INDEX(teams[name],MATCH(E101,teams[id],0)),"") | G101: {=IF(ISBLANK($A101),"",INDEX(games[ta],MATCH(1,(games[r]=$A101)*(games[field]=$B101),0)))} | H101: =_xlfn.IFNA(INDEX(teams[name],MATCH(G101,teams[id],0)),"") | L101: =NOT(OR(ISBLANK($I101),ISBLANK($J101))) -> FALSE
A102: =A80+4 -> 19 | B102: fold | C102: Απόγ. Α' | D102: =INDEX(fields[name],MATCH($B102,fields[field],0)) -> Π Ποδόσφαιρο | E102: {=IF(ISBLANK($A102),"",INDEX(games[th],MATCH(1,(games[r]=$A102)*(games[field]=$B102),0)))} | F102: =_xlfn.IFNA(INDEX(teams[name],MATCH(E102,teams[id],0)),"") | G102: {=IF(ISBLANK($A102),"",INDEX(games[ta],MATCH(1,(games[r]=$A102)*(games[field]=$B102),0)))} | H102: =_xlfn.IFNA(INDEX(teams[name],MATCH(G102,teams[id],0)),"") | L102: =NOT(OR(ISBLANK($I102),ISBLANK($J102))) -> FALSE
A103: =A81+4 -> 19 | B103: fnew | D103: =INDEX(fields[name],MATCH($B103,fields[field],0)) -> Κ Ποδόσφαιρο | E103: {=IF(ISBLANK($A103),"",INDEX(games[th],MATCH(1,(games[r]=$A103)*(games[field]=$B103),0)))} | F103: =_xlfn.IFNA(INDEX(teams[name],MATCH(E103,teams[id],0)),"") | G103: {=IF(ISBLANK($A103),"",INDEX(games[ta],MATCH(1,(games[r]=$A103)*(games[field]=$B103),0)))} | H103: =_xlfn.IFNA(INDEX(teams[name],MATCH(G103,teams[id],0)),"") | L103: =NOT(OR(ISBLANK($I103),ISBLANK($J103))) -> FALSE
A104: =A82+4 -> 19 | B104: bask | D104: =INDEX(fields[name],MATCH($B104,fields[field],0)) -> Μπάσκετ | E104: {=IF(ISBLANK($A104),"",INDEX(games[th],MATCH(1,(games[r]=$A104)*(games[field]=$B104),0)))} | F104: =_xlfn.IFNA(INDEX(teams[name],MATCH(E104,teams[id],0)),"") | G104: {=IF(ISBLANK($A104),"",INDEX(games[ta],MATCH(1,(games[r]=$A104)*(games[field]=$B104),0)))} | H104: =_xlfn.IFNA(INDEX(teams[name],MATCH(G104,teams[id],0)),"") | L104: =NOT(OR(ISBLANK($I104),ISBLANK($J104))) -> FALSE
A105: =A83+4 -> 19 | B105: voll | D105: =INDEX(fields[name],MATCH($B105,fields[field],0)) -> Βόλεϊ | E105: {=IF(ISBLANK($A105),"",INDEX(games[th],MATCH(1,(games[r]=$A105)*(games[field]=$B105),0)))} | F105: =_xlfn.IFNA(INDEX(teams[name],MATCH(E105,teams[id],0)),"") | G105: {=IF(ISBLANK($A105),"",INDEX(games[ta],MATCH(1,(games[r]=$A105)*(games[field]=$B105),0)))} | H105: =_xlfn.IFNA(INDEX(teams[name],MATCH(G105,teams[id],0)),"") | L105: =NOT(OR(ISBLANK($I105),ISBLANK($J105))) -> FALSE
...

Sheet points
L1: αγνοειται
B2: Championship | D2: Football | M2: Basketball | U2: Volleyball | AC2: Baseball | AJ2: Championship
B3: team | D3: PLD | E3: W | F3: D | G3: L | H3: GF | I3: GA | J3: GD | K3: PTS | L3: RNK | M3: PLD | N3: W | O3: L | P3: GF | Q3: GA | R3: GD | S3: PTS | T3: RNK | U3: PLD | V3: W | W3: L | X3: GF | Y3: GA | Z3: GD | AA3: PTS | AB3: RNK | AC3: PLD | AD3: W | AE3: L | AF3: GF | AG3: GA | AH3: GD | AI3: PTS | AJ3: team
B4: 1 | C4: =INDEX(teams[name],MATCH(B4,teams[id],0)) -> 0 | D4: =E4+F4+G4 -> 0 | E4: {=SUM((games[sport]="p")*(games[played])*((games[th]=$B4)*(games[sh]>games[sa])+(games[ta]=$B4)*(games[sa]>games[sh])))} -> 0 | F4: {=SUM((games[sport]="p")*(games[played])*((games[th]=$B4)*(games[sh]=games[sa])+(games[ta]=$B4)*(games[sa]=games[sh])))} -> 0 | G4: {=SUM((games[sport]="p")*(games[played])*((games[th]=$B4)*(games[sh]<games[sa])+(games[ta]=$B4)*(games[sa]<games[sh])))} -> 0 | H4: =SUMIFS(games[sh],games[sport],"p",games[th],$B4)+SUMIFS(games[sa],games[sport],"p",games[ta],$B4) -> 0 | I4: =SUMIFS(games[sa],games[sport],"p",games[th],$B4)+SUMIFS(games[sh],games[sport],"p",games[ta],$B4) -> 0 | J4: =H4-I4 -> 0 | K4: =3*E4+1*F4+0*G4 -> 0 | L4: =_xlfn.RANK.EQ(K4,$K$4:$K$8) -> 1 | M4: =N4+O4 -> 0 | N4: {=SUM((games[sport]="k")*(games[played])*((games[th]=$B4)*(games[sh]>games[sa])+(games[ta]=$B4)*(games[sa]>games[sh])))} -> 0 | O4: {=SUM((games[sport]="k")*(games[played])*((games[th]=$B4)*(games[sh]<games[sa])+(games[ta]=$B4)*(games[sa]<games[sh])))} -> 0 | P4: =SUMIFS(games[sh],games[sport],"k",games[th],$B4)+SUMIFS(games[sa],games[sport],"k",games[ta],$B4) -> 0 | Q4: =SUMIFS(games[sa],games[sport],"k",games[th],$B4)+SUMIFS(games[sh],games[sport],"k",games[ta],$B4) -> 0 | R4: =P4-Q4 -> 0 | S4: =2*N4+1*O4 -> 0 | T4: =_xlfn.RANK.EQ(S4,$S$4:$S$8) -> 1 | U4: =V4+W4 -> 0 | V4: {=SUM((games[sport]="v")*(games[played])*((games[th]=$B4)*(games[sh]>games[sa])+(games[ta]=$B4)*(games[sa]>games[sh])))} -> 0 | W4: {=SUM((games[sport]="v")*(games[played])*((games[th]=$B4)*(games[sh]<games[sa])+(games[ta]=$B4)*(games[sa]<games[sh])))} -> 0 | X4: =SUMIFS(games[sh],games[sport],"v",games[th],$B4)+SUMIFS(games[sa],games[sport],"v",games[ta],$B4) -> 0 | Y4: =SUMIFS(games[sa],games[sport],"v",games[th],$B4)+SUMIFS(games[sh],games[sport],"v",games[ta],$B4) -> 0 | Z4: =X4-Y4 -> 0 | AA4: =U4+W4+Z4 -> 0 | AB4: =_xlfn.RANK.EQ(AA4,$AA$4:$AA$8) -> 1 | AC4: =AD4+AE4 -> 0 | AD4: {=SUM((games[sport]="m")*(games[played])*((games[th]=$B4)*(games[sh]>games[sa])+(games[ta]=$B4)*(games[sa]>games[sh])))} -> 0 | AE4: {=SUM((games[sport]="m")*(games[played])*((games[th]=$B4)*(games[sh]<games[sa])+(games[ta]=$B4)*(games[sa]<games[sh])))} -> 0 | AF4: =SUMIFS(games[sh],games[sport],"m",games[th],$B4)+SUMIFS(games[sa],games[sport],"m",games[ta],$B4) -> 0 | AG4: =SUMIFS(games[sa],games[sport],"m",games[th],$B4)+SUMIFS(games[sh],games[sport],"m",games[ta],$B4) -> 0 | AH4: =AF4-AG4 -> 0 | AI4: =2*AD4+1*AE4 -> 0 | AJ4: 1 | AK4: =AJ18 -> 0
B5: 2 | C5: =INDEX(teams[name],MATCH(B5,teams[id],0)) -> 0 | D5: =E5+F5+G5 -> 0 | E5: {=SUM((games[sport]="p")*(games[played])*((games[th]=$B5)*(games[sh]>games[sa])+(games[ta]=$B5)*(games[sa]>games[sh])))} -> 0 | F5: {=SUM((games[sport]="p")*(games[played])*((games[th]=$B5)*(games[sh]=games[sa])+(games[ta]=$B5)*(games[sa]=games[sh])))} -> 0 | G5: {=SUM((games[sport]="p")*(games[played])*((games[th]=$B5)*(games[sh]<games[sa])+(games[ta]=$B5)*(games[sa]<games[sh])))} -> 0 | H5: =SUMIFS(games[sh],games[sport],"p",games[th],$B5)+SUMIFS(games[sa],games[sport],"p",games[ta],$B5) -> 0 | I5: =SUMIFS(games[sa],games[sport],"p",games[th],$B5)+SUMIFS(games[sh],games[sport],"p",games[ta],$B5) -> 0 | J5: =H5-I5 -> 0 | K5: =3*E5+1*F5+0*G5 -> 0 | L5: =_xlfn.RANK.EQ(K5,$K$4:$K$8) -> 1 | M5: =N5+O5 -> 0 | N5: {=SUM((games[sport]="k")*(games[played])*((games[th]=$B5)*(games[sh]>games[sa])+(games[ta]=$B5)*(games[sa]>games[sh])))} -> 0 | O5: {=SUM((games[sport]="k")*(games[played])*((games[th]=$B5)*(games[sh]<games[sa])+(games[ta]=$B5)*(games[sa]<games[sh])))} -> 0 | P5: =SUMIFS(games[sh],games[sport],"k",games[th],$B5)+SUMIFS(games[sa],games[sport],"k",games[ta],$B5) -> 0 | Q5: =SUMIFS(games[sa],games[sport],"k",games[th],$B5)+SUMIFS(games[sh],games[sport],"k",games[ta],$B5) -> 0 | R5: =P5-Q5 -> 0 | S5: =2*N5+1*O5 -> 0 | T5: =_xlfn.RANK.EQ(S5,$S$4:$S$8) -> 1 | U5: =V5+W5 -> 0 | V5: {=SUM((games[sport]="v")*(games[played])*((games[th]=$B5)*(games[sh]>games[sa])+(games[ta]=$B5)*(games[sa]>games[sh])))} -> 0 | W5: {=SUM((games[sport]="v")*(games[played])*((games[th]=$B5)*(games[sh]<games[sa])+(games[ta]=$B5)*(games[sa]<games[sh])))} -> 0 | X5: =SUMIFS(games[sh],games[sport],"v",games[th],$B5)+SUMIFS(games[sa],games[sport],"v",games[ta],$B5) -> 0 | Y5: =SUMIFS(games[sa],games[sport],"v",games[th],$B5)+SUMIFS(games[sh],games[sport],"v",games[ta],$B5) -> 0 | Z5: =X5-Y5 -> 0 | AA5: =U5+W5+Z5 -> 0 | AB5: =_xlfn.RANK.EQ(AA5,$AA$4:$AA$8) -> 1 | AC5: =AD5+AE5 -> 0 | AD5: {=SUM((games[sport]="m")*(games[played])*((games[th]=$B5)*(games[sh]>games[sa])+(games[ta]=$B5)*(games[sa]>games[sh])))} -> 0 | AE5: {=SUM((games[sport]="m")*(games[played])*((games[th]=$B5)*(games[sh]<games[sa])+(games[ta]=$B5)*(games[sa]<games[sh])))} -> 0 | AF5: =SUMIFS(games[sh],games[sport],"m",games[th],$B5)+SUMIFS(games[sa],games[sport],"m",games[ta],$B5) -> 0 | AG5: =SUMIFS(games[sa],games[sport],"m",games[th],$B5)+SUMIFS(games[sh],games[sport],"m",games[ta],$B5) -> 0 | AH5: =AF5-AG5 -> 0 | AI5: =2*AD5+1*AE5 -> 0 | AJ5: 2 | AK5: =INDEX(teams[name],MATCH(AJ5,teams[id],0)) -> 0
B6: 3 | C6: =INDEX(teams[name],MATCH(B6,teams[id],0)) -> 0 | D6: =E6+F6+G6 -> 0 | E6: {=SUM((games[sport]="p")*(games[played])*((games[th]=$B6)*(games[sh]>games[sa])+(games[ta]=$B6)*(games[sa]>games[sh])))} -> 0 | F6: {=SUM((games[sport]="p")*(games[played])*((games[th]=$B6)*(games[sh]=games[sa])+(games[ta]=$B6)*(games[sa]=games[sh])))} -> 0 | G6: {=SUM((games[sport]="p")*(games[played])*((games[th]=$B6)*(games[sh]<games[sa])+(games[ta]=$B6)*(games[sa]<games[sh])))} -> 0 | H6: =SUMIFS(games[sh],games[sport],"p",games[th],$B6)+SUMIFS(games[sa],games[sport],"p",games[ta],$B6) -> 0 | I6: =SUMIFS(games[sa],games[sport],"p",games[th],$B6)+SUMIFS(games[sh],games[sport],"p",games[ta],$B6) -> 0 | J6: =H6-I6 -> 0 | K6: =3*E6+1*F6+0*G6 -> 0 | L6: =_xlfn.RANK.EQ(K6,$K$4:$K$8) -> 1 | M6: =N6+O6 -> 0 | N6: {=SUM((games[sport]="k")*(games[played])*((games[th]=$B6)*(games[sh]>games[sa])+(games[ta]=$B6)*(games[sa]>games[sh])))} -> 0 | O6: {=SUM((games[sport]="k")*(games[played])*((games[th]=$B6)*(games[sh]<games[sa])+(games[ta]=$B6)*(games[sa]<games[sh])))} -> 0 | P6: =SUMIFS(games[sh],games[sport],"k",games[th],$B6)+SUMIFS(games[sa],games[sport],"k",games[ta],$B6) -> 0 | Q6: =SUMIFS(games[sa],games[sport],"k",games[th],$B6)+SUMIFS(games[sh],games[sport],"k",games[ta],$B6) -> 0 | R6: =P6-Q6 -> 0 | S6: =2*N6+1*O6 -> 0 | T6: =_xlfn.RANK.EQ(S6,$S$4:$S$8) -> 1 | U6: =V6+W6 -> 0 | V6: {=SUM((games[sport]="v")*(games[played])*((games[th]=$B6)*(games[sh]>games[sa])+(games[ta]=$B6)*(games[sa]>games[sh])))} -> 0 | W6: {=SUM((games[sport]="v")*(games[played])*((games[th]=$B6)*(games[sh]<games[sa])+(games[ta]=$B6)*(games[sa]<games[sh])))} -> 0 | X6: =SUMIFS(games[sh],games[sport],"v",games[th],$B6)+SUMIFS(games[sa],games[sport],"v",games[ta],$B6) -> 0 | Y6: =SUMIFS(games[sa],games[sport],"v",games[th],$B6)+SUMIFS(games[sh],games[sport],"v",games[ta],$B6) -> 0 | Z6: =X6-Y6 -> 0 | AA6: =U6+W6+Z6 -> 0 | AB6: =_xlfn.RANK.EQ(AA6,$AA$4:$AA$8) -> 1 | AC6: =AD6+AE6 -> 0 | AD6: {=SUM((games[sport]="m")*(games[played])*((games[th]=$B6)*(games[sh]>games[sa])+(games[ta]=$B6)*(games[sa]>games[sh])))} -> 0 | AE6: {=SUM((games[sport]="m")*(games[played])*((games[th]=$B6)*(games[sh]<games[sa])+(games[ta]=$B6)*(games[sa]<games[sh])))} -> 0 | AF6: =SUMIFS(games[sh],games[sport],"m",games[th],$B6)+SUMIFS(games[sa],games[sport],"m",games[ta],$B6) -> 0 | AG6: =SUMIFS(games[sa],games[sport],"m",games[th],$B6)+SUMIFS(games[sh],games[sport],"m",games[ta],$B6) -> 0 | AH6: =AF6-AG6 -> 0 | AI6: =2*AD6+1*AE6 -> 0 | AJ6: 3 | AK6: =INDEX(teams[name],MATCH(AJ6,teams[id],0)) -> 0
B7: 4 | C7: =INDEX(teams[name],MATCH(B7,teams[id],0)) -> 0 | D7: =E7+F7+G7 -> 0 | E7: {=SUM((games[sport]="p")*(games[played])*((games[th]=$B7)*(games[sh]>games[sa])+(games[ta]=$B7)*(games[sa]>games[sh])))} -> 0 | F7: {=SUM((games[sport]="p")*(games[played])*((games[th]=$B7)*(games[sh]=games[sa])+(games[ta]=$B7)*(games[sa]=games[sh])))} -> 0 | G7: {=SUM((games[sport]="p")*(games[played])*((games[th]=$B7)*(games[sh]<games[sa])+(games[ta]=$B7)*(games[sa]<games[sh])))} -> 0 | H7: =SUMIFS(games[sh],games[sport],"p",games[th],$B7)+SUMIFS(games[sa],games[sport],"p",games[ta],$B7) -> 0 | I7: =SUMIFS(games[sa],games[sport],"p",games[th],$B7)+SUMIFS(games[sh],games[sport],"p",games[ta],$B7) -> 0 | J7: =H7-I7 -> 0 | K7: =3*E7+1*F7+0*G7 -> 0 | L7: =_xlfn.RANK.EQ(K7,$K$4:$K$8) -> 1 | M7: =N7+O7 -> 0 | N7: {=SUM((games[sport]="k")*(games[played])*((games[th]=$B7)*(games[sh]>games[sa])+(games[ta]=$B7)*(games[sa]>games[sh])))} -> 0 | O7: {=SUM((games[sport]="k")*(games[played])*((games[th]=$B7)*(games[sh]<games[sa])+(games[ta]=$B7)*(games[sa]<games[sh])))} -> 0 | P7: =SUMIFS(games[sh],games[sport],"k",games[th],$B7)+SUMIFS(games[sa],games[sport],"k",games[ta],$B7) -> 0 | Q7: =SUMIFS(games[sa],games[sport],"k",games[th],$B7)+SUMIFS(games[sh],games[sport],"k",games[ta],$B7) -> 0 | R7: =P7-Q7 -> 0 | S7: =2*N7+1*O7 -> 0 | T7: =_xlfn.RANK.EQ(S7,$S$4:$S$8) -> 1 | U7: =V7+W7 -> 0 | V7: {=SUM((games[sport]="v")*(games[played])*((games[th]=$B7)*(games[sh]>games[sa])+(games[ta]=$B7)*(games[sa]>games[sh])))} -> 0 | W7: {=SUM((games[sport]="v")*(games[played])*((games[th]=$B7)*(games[sh]<games[sa])+(games[ta]=$B7)*(games[sa]<games[sh])))} -> 0 | X7: =SUMIFS(games[sh],games[sport],"v",games[th],$B7)+SUMIFS(games[sa],games[sport],"v",games[ta],$B7) -> 0 | Y7: =SUMIFS(games[sa],games[sport],"v",games[th],$B7)+SUMIFS(games[sh],games[sport],"v",games[ta],$B7) -> 0 | Z7: =X7-Y7 -> 0 | AA7: =U7+W7+Z7 -> 0 | AB7: =_xlfn.RANK.EQ(AA7,$AA$4:$AA$8) -> 1 | AC7: =AD7+AE7 -> 0 | AD7: {=SUM((games[sport]="m")*(games[played])*((games[th]=$B7)*(games[sh]>games[sa])+(games[ta]=$B7)*(games[sa]>games[sh])))} -> 0 | AE7: {=SUM((games[sport]="m")*(games[played])*((games[th]=$B7)*(games[sh]<games[sa])+(games[ta]=$B7)*(games[sa]<games[sh])))} -> 0 | AF7: =SUMIFS(games[sh],games[sport],"m",games[th],$B7)+SUMIFS(games[sa],games[sport],"m",games[ta],$B7) -> 0 | AG7: =SUMIFS(games[sa],games[sport],"m",games[th],$B7)+SUMIFS(games[sh],games[sport],"m",games[ta],$B7) -> 0 | AH7: =AF7-AG7 -> 0 | AI7: =2*AD7+1*AE7 -> 0 | AJ7: 4 | AK7: =INDEX(teams[name],MATCH(AJ7,teams[id],0)) -> 0
B8: 5 | C8: =INDEX(teams[name],MATCH(B8,teams[id],0)) -> 0 | D8: =E8+F8+G8 -> 0 | E8: {=SUM((games[sport]="p")*(games[played])*((games[th]=$B8)*(games[sh]>games[sa])+(games[ta]=$B8)*(games[sa]>games[sh])))} -> 0 | F8: {=SUM((games[sport]="p")*(games[played])*((games[th]=$B8)*(games[sh]=games[sa])+(games[ta]=$B8)*(games[sa]=games[sh])))} -> 0 | G8: {=SUM((games[sport]="p")*(games[played])*((games[th]=$B8)*(games[sh]<games[sa])+(games[ta]=$B8)*(games[sa]<games[sh])))} -> 0 | H8: =SUMIFS(games[sh],games[sport],"p",games[th],$B8)+SUMIFS(games[sa],games[sport],"p",games[ta],$B8) -> 0 | I8: =SUMIFS(games[sa],games[sport],"p",games[th],$B8)+SUMIFS(games[sh],games[sport],"p",games[ta],$B8) -> 0 | J8: =H8-I8 -> 0 | K8: =3*E8+1*F8+0*G8 -> 0 | L8: =_xlfn.RANK.EQ(K8,$K$4:$K$8) -> 1 | M8: =N8+O8 -> 0 | N8: {=SUM((games[sport]="k")*(games[played])*((games[th]=$B8)*(games[sh]>games[sa])+(games[ta]=$B8)*(games[sa]>games[sh])))} -> 0 | O8: {=SUM((games[sport]="k")*(games[played])*((games[th]=$B8)*(games[sh]<games[sa])+(games[ta]=$B8)*(games[sa]<games[sh])))} -> 0 | P8: =SUMIFS(games[sh],games[sport],"k",games[th],$B8)+SUMIFS(games[sa],games[sport],"k",games[ta],$B8) -> 0 | Q8: =SUMIFS(games[sa],games[sport],"k",games[th],$B8)+SUMIFS(games[sh],games[sport],"k",games[ta],$B8) -> 0 | R8: =P8-Q8 -> 0 | S8: =2*N8+1*O8 -> 0 | T8: =_xlfn.RANK.EQ(S8,$S$4:$S$8) -> 1 | U8: =V8+W8 -> 0 | V8: {=SUM((games[sport]="v")*(games[played])*((games[th]=$B8)*(games[sh]>games[sa])+(games[ta]=$B8)*(games[sa]>games[sh])))} -> 0 | W8: {=SUM((games[sport]="v")*(games[played])*((games[th]=$B8)*(games[sh]<games[sa])+(games[ta]=$B8)*(games[sa]<games[sh])))} -> 0 | X8: =SUMIFS(games[sh],games[sport],"v",games[th],$B8)+SUMIFS(games[sa],games[sport],"v",games[ta],$B8) -> 0 | Y8: =SUMIFS(games[sa],games[sport],"v",games[th],$B8)+SUMIFS(games[sh],games[sport],"v",games[ta],$B8) -> 0 | Z8: =X8-Y8 -> 0 | AA8: =U8+W8+Z8 -> 0 | AB8: =_xlfn.RANK.EQ(AA8,$AA$4:$AA$8) -> 1 | AC8: =AD8+AE8 -> 0 | AD8: {=SUM((games[sport]="m")*(games[played])*((games[th]=$B8)*(games[sh]>games[sa])+(games[ta]=$B8)*(games[sa]>games[sh])))} -> 0 | AE8: {=SUM((games[sport]="m")*(games[played])*((games[th]=$B8)*(games[sh]<games[sa])+(games[ta]=$B8)*(games[sa]<games[sh])))} -> 0 | AF8: =SUMIFS(games[sh],games[sport],"m",games[th],$B8)+SUMIFS(games[sa],games[sport],"m",games[ta],$B8) -> 0 | AG8: =SUMIFS(games[sa],games[sport],"m",games[th],$B8)+SUMIFS(games[sh],games[sport],"m",games[ta],$B8) -> 0 | AH8: =AF8-AG8 -> 0 | AI8: =2*AD8+1*AE8 -> 0 | AJ8: 5 | AK8: =INDEX(teams[name],MATCH(AJ8,teams[id],0)) -> 0
B9: team | D9: PLD | E9: W | F9: D | G9: L | H9: GF | I9: GA | J9: GD | K9: PTS | L9: RNK | M9: PLD | N9: W | O9: L | P9: GF | Q9: GA | R9: GD | S9: PTS | T9: RNK | U9: PLD | V9: W | W9: L | X9: GF | Y9: GA | Z9: GD | AA9: PTS | AB9: RNK | AC9: PLD | AD9: W | AE9: L | AF9: GF | AG9: GA | AH9: GD | AI9: PTS | AJ9: team
B10: 6 | C10: =INDEX(teams[name],MATCH(B10,teams[id],0)) -> 0 | D10: =E10+F10+G10 -> 0 | E10: {=SUM((games[sport]="p")*(games[played])*((games[th]=$B10)*(games[sh]>games[sa])+(games[ta]=$B10)*(games[sa]>games[sh])))} -> 0 | F10: {=SUM((games[sport]="p")*(games[played])*((games[th]=$B10)*(games[sh]=games[sa])+(games[ta]=$B10)*(games[sa]=games[sh])))} -> 0 | G10: {=SUM((games[sport]="p")*(games[played])*((games[th]=$B10)*(games[sh]<games[sa])+(games[ta]=$B10)*(games[sa]<games[sh])))} -> 0 | H10: =SUMIFS(games[sh],games[sport],"p",games[th],$B10)+SUMIFS(games[sa],games[sport],"p",games[ta],$B10) -> 0 | I10: =SUMIFS(games[sa],games[sport],"p",games[th],$B10)+SUMIFS(games[sh],games[sport],"p",games[ta],$B10) -> 0 | J10: =H10-I10 -> 0 | K10: =3*E10+1*F10+0*G10 -> 0 | L10: =_xlfn.RANK.EQ(K10,$K$10:$K$14) -> 1 | M10: =N10+O10 -> 0 | N10: {=SUM((games[sport]="k")*(games[played])*((games[th]=$B10)*(games[sh]>games[sa])+(games[ta]=$B10)*(games[sa]>games[sh])))} -> 0 | O10: {=SUM((games[sport]="k")*(games[played])*((games[th]=$B10)*(games[sh]<games[sa])+(games[ta]=$B10)*(games[sa]<games[sh])))} -> 0 | P10: =SUMIFS(games[sh],games[sport],"k",games[th],$B10)+SUMIFS(games[sa],games[sport],"k",games[ta],$B10) -> 0 | Q10: =SUMIFS(games[sa],games[sport],"k",games[th],$B10)+SUMIFS(games[sh],games[sport],"k",games[ta],$B10) -> 0 | R10: =P10-Q10 -> 0 | S10: =2*N10+1*O10 -> 0 | T10: =_xlfn.RANK.EQ(S10,$S$10:$S$14) -> 1 | U10: =V10+W10 -> 0 | V10: {=SUM((games[sport]="v")*(games[played])*((games[th]=$B10)*(games[sh]>games[sa])+(games[ta]=$B10)*(games[sa]>games[sh])))} -> 0 | W10: {=SUM((games[sport]="v")*(games[played])*((games[th]=$B10)*(games[sh]<games[sa])+(games[ta]=$B10)*(games[sa]<games[sh])))} -> 0 | X10: =SUMIFS(games[sh],games[sport],"v",games[th],$B10)+SUMIFS(games[sa],games[sport],"v",games[ta],$B10) -> 0 | Y10: =SUMIFS(games[sa],games[sport],"v",games[th],$B10)+SUMIFS(games[sh],games[sport],"v",games[ta],$B10) -> 0 | Z10: =X10-Y10 -> 0 | AA10: =U10+W10+Z10 -> 0 | AB10: =_xlfn.RANK.EQ(AA10,$AA$10:$AA$14) -> 1 | AC10: =AD10+AE10 -> 0 | AD10: {=SUM((games[sport]="m")*(games[played])*((games[th]=$B10)*(games[sh]>games[sa])+(games[ta]=$B10)*(games[sa]>games[sh])))} -> 0 | AE10: {=SUM((games[sport]="m")*(games[played])*((games[th]=$B10)*(games[sh]<games[sa])+(games[ta]=$B10)*(games[sa]<games[sh])))} -> 0 | AF10: =SUMIFS(games[sh],games[sport],"m",games[th],$B10)+SUMIFS(games[sa],games[sport],"m",games[ta],$B10) -> 0 | AG10: =SUMIFS(games[sa],games[sport],"m",games[th],$B10)+SUMIFS(games[sh],games[sport],"m",games[ta],$B10) -> 0 | AH10: =AF10-AG10 -> 0 | AI10: =2*AD10+1*AE10 -> 0 | AJ10: 6 | AK10: =INDEX(teams[name],MATCH(AJ10,teams[id],0)) -> 0
B11: 7 | C11: =INDEX(teams[name],MATCH(B11,teams[id],0)) -> 0 | D11: =E11+F11+G11 -> 0 | E11: {=SUM((games[sport]="p")*(games[played])*((games[th]=$B11)*(games[sh]>games[sa])+(games[ta]=$B11)*(games[sa]>games[sh])))} -> 0 | F11: {=SUM((games[sport]="p")*(games[played])*((games[th]=$B11)*(games[sh]=games[sa])+(games[ta]=$B11)*(games[sa]=games[sh])))} -> 0 | G11: {=SUM((games[sport]="p")*(games[played])*((games[th]=$B11)*(games[sh]<games[sa])+(games[ta]=$B11)*(games[sa]<games[sh])))} -> 0 | H11: =SUMIFS(games[sh],games[sport],"p",games[th],$B11)+SUMIFS(games[sa],games[sport],"p",games[ta],$B11) -> 0 | I11: =SUMIFS(games[sa],games[sport],"p",games[th],$B11)+SUMIFS(games[sh],games[sport],"p",games[ta],$B11) -> 0 | J11: =H11-I11 -> 0 | K11: =3*E11+1*F11+0*G11 -> 0 | L11: =_xlfn.RANK.EQ(K11,$K$10:$K$14) -> 1 | M11: =N11+O11 -> 0 | N11: {=SUM((games[sport]="k")*(games[played])*((games[th]=$B11)*(games[sh]>games[sa])+(games[ta]=$B11)*(games[sa]>games[sh])))} -> 0 | O11: {=SUM((games[sport]="k")*(games[played])*((games[th]=$B11)*(games[sh]<games[sa])+(games[ta]=$B11)*(games[sa]<games[sh])))} -> 0 | P11: =SUMIFS(games[sh],games[sport],"k",games[th],$B11)+SUMIFS(games[sa],games[sport],"k",games[ta],$B11) -> 0 | Q11: =SUMIFS(games[sa],games[sport],"k",games[th],$B11)+SUMIFS(games[sh],games[sport],"k",games[ta],$B11) -> 0 | R11: =P11-Q11 -> 0 | S11: =2*N11+1*O11 -> 0 | T11: =_xlfn.RANK.EQ(S11,$S$10:$S$14) -> 1 | U11: =V11+W11 -> 0 | V11: {=SUM((games[sport]="v")*(games[played])*((games[th]=$B11)*(games[sh]>games[sa])+(games[ta]=$B11)*(games[sa]>games[sh])))} -> 0 | W11: {=SUM((games[sport]="v")*(games[played])*((games[th]=$B11)*(games[sh]<games[sa])+(games[ta]=$B11)*(games[sa]<games[sh])))} -> 0 | X11: =SUMIFS(games[sh],games[sport],"v",games[th],$B11)+SUMIFS(games[sa],games[sport],"v",games[ta],$B11) -> 0 | Y11: =SUMIFS(games[sa],games[sport],"v",games[th],$B11)+SUMIFS(games[sh],games[sport],"v",games[ta],$B11) -> 0 | Z11: =X11-Y11 -> 0 | AA11: =U11+W11+Z11 -> 0 | AB11: =_xlfn.RANK.EQ(AA11,$AA$10:$AA$14) -> 1 | AC11: =AD11+AE11 -> 0 | AD11: {=SUM((games[sport]="m")*(games[played])*((games[th]=$B11)*(games[sh]>games[sa])+(games[ta]=$B11)*(games[sa]>games[sh])))} -> 0 | AE11: {=SUM((games[sport]="m")*(games[played])*((games[th]=$B11)*(games[sh]<games[sa])+(games[ta]=$B11)*(games[sa]<games[sh])))} -> 0 | AF11: =SUMIFS(games[sh],games[sport],"m",games[th],$B11)+SUMIFS(games[sa],games[sport],"m",games[ta],$B11) -> 0 | AG11: =SUMIFS(games[sa],games[sport],"m",games[th],$B11)+SUMIFS(games[sh],games[sport],"m",games[ta],$B11) -> 0 | AH11: =AF11-AG11 -> 0 | AI11: =2*AD11+1*AE11 -> 0 | AJ11: 7 | AK11: =INDEX(teams[name],MATCH(AJ11,teams[id],0)) -> 0
B12: 8 | C12: =INDEX(teams[name],MATCH(B12,teams[id],0)) -> 0 | D12: =E12+F12+G12 -> 0 | E12: {=SUM((games[sport]="p")*(games[played])*((games[th]=$B12)*(games[sh]>games[sa])+(games[ta]=$B12)*(games[sa]>games[sh])))} -> 0 | F12: {=SUM((games[sport]="p")*(games[played])*((games[th]=$B12)*(games[sh]=games[sa])+(games[ta]=$B12)*(games[sa]=games[sh])))} -> 0 | G12: {=SUM((games[sport]="p")*(games[played])*((games[th]=$B12)*(games[sh]<games[sa])+(games[ta]=$B12)*(games[sa]<games[sh])))} -> 0 | H12: =SUMIFS(games[sh],games[sport],"p",games[th],$B12)+SUMIFS(games[sa],games[sport],"p",games[ta],$B12) -> 0 | I12: =SUMIFS(games[sa],games[sport],"p",games[th],$B12)+SUMIFS(games[sh],games[sport],"p",games[ta],$B12) -> 0 | J12: =H12-I12 -> 0 | K12: =3*E12+1*F12+0*G12 -> 0 | L12: =_xlfn.RANK.EQ(K12,$K$10:$K$14) -> 1 | M12: =N12+O12 -> 0 | N12: {=SUM((games[sport]="k")*(games[played])*((games[th]=$B12)*(games[sh]>games[sa])+(games[ta]=$B12)*(games[sa]>games[sh])))} -> 0 | O12: {=SUM((games[sport]="k")*(games[played])*((games[th]=$B12)*(games[sh]<games[sa])+(games[ta]=$B12)*(games[sa]<games[sh])))} -> 0 | P12: =SUMIFS(games[sh],games[sport],"k",games[th],$B12)+SUMIFS(games[sa],games[sport],"k",games[ta],$B12) -> 0 | Q12: =SUMIFS(games[sa],games[sport],"k",games[th],$B12)+SUMIFS(games[sh],games[sport],"k",games[ta],$B12) -> 0 | R12: =P12-Q12 -> 0 | S12: =2*N12+1*O12 -> 0 | T12: =_xlfn.RANK.EQ(S12,$S$10:$S$14) -> 1 | U12: =V12+W12 -> 0 | V12: {=SUM((games[sport]="v")*(games[played])*((games[th]=$B12)*(games[sh]>games[sa])+(games[ta]=$B12)*(games[sa]>games[sh])))} -> 0 | W12: {=SUM((games[sport]="v")*(games[played])*((games[th]=$B12)*(games[sh]<games[sa])+(games[ta]=$B12)*(games[sa]<games[sh])))} -> 0 | X12: =SUMIFS(games[sh],games[sport],"v",games[th],$B12)+SUMIFS(games[sa],games[sport],"v",games[ta],$B12) -> 0 | Y12: =SUMIFS(games[sa],games[sport],"v",games[th],$B12)+SUMIFS(games[sh],games[sport],"v",games[ta],$B12) -> 0 | Z12: =X12-Y12 -> 0 | AA12: =U12+W12+Z12 -> 0 | AB12: =_xlfn.RANK.EQ(AA12,$AA$10:$AA$14) -> 1 | AC12: =AD12+AE12 -> 0 | AD12: {=SUM((games[sport]="m")*(games[played])*((games[th]=$B12)*(games[sh]>games[sa])+(games[ta]=$B12)*(games[sa]>games[sh])))} -> 0 | AE12: {=SUM((games[sport]="m")*(games[played])*((games[th]=$B12)*(games[sh]<games[sa])+(games[ta]=$B12)*(games[sa]<games[sh])))} -> 0 | AF12: =SUMIFS(games[sh],games[sport],"m",games[th],$B12)+SUMIFS(games[sa],games[sport],"m",games[ta],$B12) -> 0 | AG12: =SUMIFS(games[sa],games[sport],"m",games[th],$B12)+SUMIFS(games[sh],games[sport],"m",games[ta],$B12) -> 0 | AH12: =AF12-AG12 -> 0 | AI12: =2*AD12+1*AE12 -> 0 | AJ12: 8 | AK12: =INDEX(teams[name],MATCH(AJ12,teams[id],0)) -> 0
B13: 9 | C13: =INDEX(teams[name],MATCH(B13,teams[id],0)) -> 0 | D13: =E13+F13+G13 -> 0 | E13: {=SUM((games[sport]="p")*(games[played])*((games[th]=$B13)*(games[sh]>games[sa])+(games[ta]=$B13)*(games[sa]>games[sh])))} -> 0 | F13: {=SUM((games[sport]="p")*(games[played])*((games[th]=$B13)*(games[sh]=games[sa])+(games[ta]=$B13)*(games[sa]=games[sh])))} -> 0 | G13: {=SUM((games[sport]="p")*(games[played])*((games[th]=$B13)*(games[sh]<games[sa])+(games[ta]=$B13)*(games[sa]<games[sh])))} -> 0 | H13: =SUMIFS(games[sh],games[sport],"p",games[th],$B13)+SUMIFS(games[sa],games[sport],"p",games[ta],$B13) -> 0 | I13: =SUMIFS(games[sa],games[sport],"p",games[th],$B13)+SUMIFS(games[sh],games[sport],"p",games[ta],$B13) -> 0 | J13: =H13-I13 -> 0 | K13: =3*E13+1*F13+0*G13 -> 0 | L13: =_xlfn.RANK.EQ(K13,$K$10:$K$14) -> 1 | M13: =N13+O13 -> 0 | N13: {=SUM((games[sport]="k")*(games[played])*((games[th]=$B13)*(games[sh]>games[sa])+(games[ta]=$B13)*(games[sa]>games[sh])))} -> 0 | O13: {=SUM((games[sport]="k")*(games[played])*((games[th]=$B13)*(games[sh]<games[sa])+(games[ta]=$B13)*(games[sa]<games[sh])))} -> 0 | P13: =SUMIFS(games[sh],games[sport],"k",games[th],$B13)+SUMIFS(games[sa],games[sport],"k",games[ta],$B13) -> 0 | Q13: =SUMIFS(games[sa],games[sport],"k",games[th],$B13)+SUMIFS(games[sh],games[sport],"k",games[ta],$B13) -> 0 | R13: =P13-Q13 -> 0 | S13: =2*N13+1*O13 -> 0 | T13: =_xlfn.RANK.EQ(S13,$S$10:$S$14) -> 1 | U13: =V13+W13 -> 0 | V13: {=SUM((games[sport]="v")*(games[played])*((games[th]=$B13)*(games[sh]>games[sa])+(games[ta]=$B13)*(games[sa]>games[sh])))} -> 0 | W13: {=SUM((games[sport]="v")*(games[played])*((games[th]=$B13)*(games[sh]<games[sa])+(games[ta]=$B13)*(games[sa]<games[sh])))} -> 0 | X13: =SUMIFS(games[sh],games[sport],"v",games[th],$B13)+SUMIFS(games[sa],games[sport],"v",games[ta],$B13) -> 0 | Y13: =SUMIFS(games[sa],games[sport],"v",games[th],$B13)+SUMIFS(games[sh],games[sport],"v",games[ta],$B13) -> 0 | Z13: =X13-Y13 -> 0 | AA13: =U13+W13+Z13 -> 0 | AB13: =_xlfn.RANK.EQ(AA13,$AA$10:$AA$14) -> 1 | AC13: =AD13+AE13 -> 0 | AD13: {=SUM((games[sport]="m")*(games[played])*((games[th]=$B13)*(games[sh]>games[sa])+(games[ta]=$B13)*(games[sa]>games[sh])))} -> 0 | AE13: {=SUM((games[sport]="m")*(games[played])*((games[th]=$B13)*(games[sh]<games[sa])+(games[ta]=$B13)*(games[sa]<games[sh])))} -> 0 | AF13: =SUMIFS(games[sh],games[sport],"m",games[th],$B13)+SUMIFS(games[sa],games[sport],"m",games[ta],$B13) -> 0 | AG13: =SUMIFS(games[sa],games[sport],"m",games[th],$B13)+SUMIFS(games[sh],games[sport],"m",games[ta],$B13) -> 0 | AH13: =AF13-AG13 -> 0 | AI13: =2*AD13+1*AE13 -> 0 | AJ13: 9 | AK13: =INDEX(teams[name],MATCH(AJ13,teams[id],0)) -> 0
B14: 10 | C14: =INDEX(teams[name],MATCH(B14,teams[id],0)) -> 0 | D14: =E14+F14+G14 -> 0 | E14: {=SUM((games[sport]="p")*(games[played])*((games[th]=$B14)*(games[sh]>games[sa])+(games[ta]=$B14)*(games[sa]>games[sh])))} -> 0 | F14: {=SUM((games[sport]="p")*(games[played])*((games[th]=$B14)*(games[sh]=games[sa])+(games[ta]=$B14)*(games[sa]=games[sh])))} -> 0 | G14: {=SUM((games[sport]="p")*(games[played])*((games[th]=$B14)*(games[sh]<games[sa])+(games[ta]=$B14)*(games[sa]<games[sh])))} -> 0 | H14: =SUMIFS(games[sh],games[sport],"p",games[th],$B14)+SUMIFS(games[sa],games[sport],"p",games[ta],$B14) -> 0 | I14: =SUMIFS(games[sa],games[sport],"p",games[th],$B14)+SUMIFS(games[sh],games[sport],"p",games[ta],$B14) -> 0 | J14: =H14-I14 -> 0 | K14: =3*E14+1*F14+0*G14 -> 0 | L14: =_xlfn.RANK.EQ(K14,$K$10:$K$14) -> 1 | M14: =N14+O14 -> 0 | N14: {=SUM((games[sport]="k")*(games[played])*((games[th]=$B14)*(games[sh]>games[sa])+(games[ta]=$B14)*(games[sa]>games[sh])))} -> 0 | O14: {=SUM((games[sport]="k")*(games[played])*((games[th]=$B14)*(games[sh]<games[sa])+(games[ta]=$B14)*(games[sa]<games[sh])))} -> 0 | P14: =SUMIFS(games[sh],games[sport],"k",games[th],$B14)+SUMIFS(games[sa],games[sport],"k",games[ta],$B14) -> 0 | Q14: =SUMIFS(games[sa],games[sport],"k",games[th],$B14)+SUMIFS(games[sh],games[sport],"k",games[ta],$B14) -> 0 | R14: =P14-Q14 -> 0 | S14: =2*N14+1*O14 -> 0 | T14: =_xlfn.RANK.EQ(S14,$S$10:$S$14) -> 1 | U14: =V14+W14 -> 0 | V14: {=SUM((games[sport]="v")*(games[played])*((games[th]=$B14)*(games[sh]>games[sa])+(games[ta]=$B14)*(games[sa]>games[sh])))} -> 0 | W14: {=SUM((games[sport]="v")*(games[played])*((games[th]=$B14)*(games[sh]<games[sa])+(games[ta]=$B14)*(games[sa]<games[sh])))} -> 0 | X14: =SUMIFS(games[sh],games[sport],"v",games[th],$B14)+SUMIFS(games[sa],games[sport],"v",games[ta],$B14) -> 0 | Y14: =SUMIFS(games[sa],games[sport],"v",games[th],$B14)+SUMIFS(games[sh],games[sport],"v",games[ta],$B14) -> 0 | Z14: =X14-Y14 -> 0 | AA14: =U14+W14+Z14 -> 0 | AB14: =_xlfn.RANK.EQ(AA14,$AA$10:$AA$14) -> 1 | AC14: =AD14+AE14 -> 0 | AD14: {=SUM((games[sport]="m")*(games[played])*((games[th]=$B14)*(games[sh]>games[sa])+(games[ta]=$B14)*(games[sa]>games[sh])))} -> 0 | AE14: {=SUM((games[sport]="m")*(games[played])*((games[th]=$B14)*(games[sh]<games[sa])+(games[ta]=$B14)*(games[sa]<games[sh])))} -> 0 | AF14: =SUMIFS(games[sh],games[sport],"m",games[th],$B14)+SUMIFS(games[sa],games[sport],"m",games[ta],$B14) -> 0 | AG14: =SUMIFS(games[sa],games[sport],"m",games[th],$B14)+SUMIFS(games[sh],games[sport],"m",games[ta],$B14) -> 0 | AH14: =AF14-AG14 -> 0 | AI14: =2*AD14+1*AE14 -> 0 | AJ14: 10 | AK14: =INDEX(teams[name],MATCH(AJ14,teams[id],0)) -> 0
D16: Symbols Description
D17: Symbol | G17: Description
D18: PLD | G18: Games played
D19: W | G19: Wins
D20: D | G20: Draws
D21: L | G21: Losses
D22: GF | G22: Goals for
D23: GA | G23: Goals against
D24: GD | G24: Goal difference
D25: PTS | G25: Points
D26: RNK | G26: Rank
D27: QL? | G27: Qualified?
D28: th | G28: Team home
E29: ta | G29: Team away
D30: sh | G30: Score home
D31: sa | G31: Score away
